building_id,total_price
X5gsdTWGS3W7JJQB,10395570.194979245
wXjeI38bYDMJJwZC,6232847.57373384
NlXbvdFfmJZf3L18,21140743.759665325
a016eMAVQKnfwMnt,18935252.65769105
JPWqZbLq0VNC0yKI,10136111.865136188
uAE5aaysJhyG8lRW,15579402.753272641
YV43AlJLyiYsBy7N,10139395.6732554
xtfOOyS24DmebcrG,11302645.512685582
SJLj6Ars5P1fN8uS,20794258.790201865
C1h2FivTfEeJpv15,36182737.38315709
vAl9UtIB6CJkKDqG,10137127.71715225
dGDaCQGvz1JFUpFs,4186339.202096678
O5Hw3gWy8trecv9H,26385493.421269517
VvwRRzQcDprObjXd,16389359.977913694
j1eSrtTGv0lNjzBU,32506600.197256204
HM9qAA76VLEkoqyU,13758894.819179095
VP1NDCBMrjip2Bnd,8896298.49597225
olfnSSZRvyQuIxaI,35158345.307763495
WdVARdRcN8x7AK1d,6071683.782252639
PIo9FQYkpDvE32Cw,10935326.859759813
XCs3JK6zTfApKRQq,9110482.57067011
qQsKdbjFMUCiKncB,25783789.988990746
VGsTcb8wMZWT5UjC,3039399.511419549
wv16qReSoCwACjGq,65892629.859000534
lQtwWVt7IM3E2gLv,16057053.595378783
uxdQDOZMTkgMXF87,15069203.740096185
QNiCWRVsm0DOcqkc,4778564.415207146
gguJ9pV2OYi3Jk0q,6192292.990232056
am6VBxbgo9B6nEi2,14750400.715268966
MwV3Ve3wqFjXXIEQ,57735897.727736235
EgApP0wpkfO5czAT,5212249.106449076
EIxpX2lay3NyyhmD,21336676.50038582
LPaxAt9FlQWzcXKA,24583945.906855054
PBG6hOt5APgz8rp8,34923958.19851465
JXifyDIQDlJqt2RB,33422975.769942667
iK1jUSPk2MamJTY2,56280958.03981348
tXIARKw0fhvToapx,7575512.6378562
XnRk3lrWhWEoui7Y,15718390.425453255
YWjv0ZV8eA0mZRF2,24578325.563937426
YDhAKIfORED4vkHa,20142584.95803693
MNbXMNnVE0Bqbxf3,175364206.95159099
Kn0sQ9WYuOaTJup1,18652999.45184271
OzyHgftPmahSMoUy,3890797.611236737
D2A41lcn8ogEEv3U,4813758.695859341
WyDY0LJgEQd3w3oI,469330975.27501065
Q8tRkhnt1LvzQfbd,6874293.986455812
pWHziGEbYHeiqxkR,5459462.245542594
BzZWsahUzzS3EQmU,42073558.86242084
WaPiavWHltptNbiS,41950039.57679823
vTJcIJp1zdWYk3kT,855780880.3447958
QvoUBJknCLftjUU0,10797302.695127115
mzH5SvOrRZMcTb3n,11450255.670511568
AGVbuClWykBxzPpb,39358645.851738386
jyKCqmgaCBs1R5iK,17220656.270407457
wGFXdPqwvY1rYpQb,5050477.451429882
v0g7kjWLOxF9i3bH,63380404.24992592
mroqSuY3Lhzj4qwY,59539675.48287032
tX892BaqfnSORhJO,16987707.997072294
Wdak4Ahbtg1vxW8z,14641949.325447714
IGe1Q4QaA5vbOAUv,155927200.71286854
zVrJHctlDMZrgSRX,32006059.85517132
gswsq5jNeDy8cslD,11403445.867331225
X2paTKayGacJEdQk,10676141.577281648
NJYAPujtH1ZGkFH6,28243735.11544731
pEnZkUYbYyIe5eHU,4689971.422781713
Pa3gj4P3dnTTqCBQ,5822623.222853212
hntBFyRN7WkEPmhV,13410077.8581409
IlCkGLRpUCKViMZs,19203060.369366013
zzNxAsYc4pCLb8cT,23544218.77742512
qlop7geh3C82s5XC,21399961.67818726
O9ncDr3lyvkT6WG7,18004694.954448193
HedYuHjg7bxf5szU,10668460.289977405
dSLYzSjuBNcq8C9d,22264938.635722995
NDVA6InA69aY0tnS,12455000.794107528
Aj23Ycku3MWasBsw,46334584.79477273
wJJchGQuVWt16PTj,9456830.682033949
neFHdDnQuG83Crck,9770969.065479385
VlsCMTYjtYdPCOOA,43709601.104156315
f8SQJAAjEFrDY5y2,21640630.22185338
OW9HoxO50CCBk1Pe,56683553.09689351
sGiR7swpmx0Vd02j,14130265.48837354
xVk7dorRag0EuYpS,15873886.178273836
I8JruEIKQLcZzqaw,27241961.260596573
RPcLiSKWPnM9ZXtb,2799501.85555621
JCF2wlC2DaLEfuH3,106037059.76741405
adMKSdZaIjbXJtad,5332428.791384782
kHJB2mqC9KaielRK,39580391.95717755
ZNvK7TtK7jnV2o3T,16346449.259737263
w9186Tj6DTPuilmK,7429822.276615182
eifPFMeUF3oCPSwk,5569351.563303661
heV1zTCVN1mZuzco,60171583.02233982
FZM1jY4oRp82gkAL,3427497.0872609722
quv6pwkePJ8eo0oE,8238063.83192955
ftmI8WmjhQEYgh1R,22233331.80914424
gBX6va6Ug1TOb4tQ,2690912.9412068045
P3XuLzgRZor9Pm1k,2490486.527676809
Nc6LQl8oqj8ANhIa,73927081.18781556
p3Ym3bTGzPoJjLFs,5071796.242718887
PXU18LpmQhZeXOgr,70245715.57313682
o3f5CoYRNzuyOj2Z,15543549.435319813
fRaJc6VglYugzyqy,9062859.230916912
aYszwqudWVbog2On,6363265.693150852
r5toLGHkYcxsv9Gb,5529847.552458113
m2SjFuUI6We2s2YL,36086258.28527774
NOJokWW8pyvmCi94,7302385.32066464
DkGEJI7Y9ibwupa6,4529964.217319516
kFnQy7JphRiYF6xb,5385894.810038081
bEQKWWW07GhrfXgp,93744999.90813552
ZInZT1z7OvIRNG9h,4004312.3689000774
HebuerS7v549C3Ec,10994112.158802118
yj6DSm29yf2XLIyj,3074704.866048953
JVdxoC9vpv9bNKLE,15985961.92873921
nsyvV2CxkmeUu7fn,6901059.752703427
i4unpG1pV3d0RB6J,35919930.22832695
xKEequSFyfBN4IF0,8197243.027389146
nIc5pm1avuCM3sW4,11310328.029441476
gyGNneLkJiykwKkU,9956429.296256142
tUhXUSAvNtFrt7OL,14840660.15400079
lGVA4gKCSxWyjoU9,3409064.9689763426
QaZxx70K2GrP4L28,10465037.11560834
RlPblnJ0Ko8iLKOO,14018786.928900674
hdd1JU5HHvQ1YkUs,4122170.499523403
ttKqT0Jl8qfbyiSu,13687941.972228484
ExYStK5SrP3T3giI,4365370.217479185
V8NmkaiOSrGKNwL9,17392389.598985568
KEECZPkn8JJnXw1V,5420849.639056814
gHGVkudIOaHd45YN,18070794.10571999
TmBJtOZdHiF57HXA,16205842.878084945
wIbygUHOKnHKp4YP,8155530.301687163
lCuWD3IGlipW5aPc,10978433.326708265
IlYjucqssHHIJciO,152431488.6380688
hw7jdwlL9GVHSPK2,81480497.76980583
kHkSIBgrLPqH4ARD,4899348.299527911
eiP995PpExb82gEo,22438503.941935368
NWw2Dd03I8xgCMxo,27886788.03973831
VXRw2UfLsBglmtSa,7501394.020317981
Gs5Mk0MXw8d5R3pf,18864397.05318094
JN5cYwRAzaVQ3Znd,29427403.859872088
jwtxwQRuhXjYwHgu,7944695.343838447
lT0j2V1isJ7LvJql,7585146.374097891
UjmXjMmXbfNiR7pZ,9419540.873627972
YskM0QCB7d1Xtrgr,93024783.75124002
dKEjFzA2BDpMUI2C,7280899.585644399
HUNeBuqi29w2TTcL,45480710.86579856
jVTa3s8vWA7so9HT,56821093.41606735
TL4sxfsn5TmGFgad,8302391.203416045
ewoz4kllO7qWmixt,13059860.860359032
eqQeNVgUHqn7pGkh,69585344.82142834
nQPeOTbu4w7yLPDr,46673814.54636575
gtoLAGprL2DSGXKe,56714909.86208562
mFHfmC7nY3McIZ64,15201994.283081682
uakLa9l1Q04yB4gN,15026797.60072224
Y5NIce5WTDmT6KAH,9920440.576609818
mjTefAwjqUSXYG6L,9299129.821243053
FgC9kHDkQ9EkqrQ9,15098352.864854233
kmMqNqLpGBbJyOfr,28466672.13680974
eQ7Db2lOeJe2jkXl,1135611293.680953
lOBkqEg2tLpN4lBA,11929661.403812032
IhSgxVdjghBw2laH,7862322.849132713
xlYfcBi8UqRhvXde,7167290.651980191
LRpvLHZODvEa35iV,6741538.940648034
p0Quc52fu7lin7rB,5306653.092338893
HeNNRQelO41Fx87S,16034731.149731312
p7vgveb0sVzQKbV1,46131974.16662532
Di6lEhWzxHMOP4VD,8835063.753428398
oyPyJpZVrZFolXOT,18113537.122997187
NGRzOv5Y1Pgogo5C,29999257.21832916
YN83BZQto0b1hTXb,12001007.449190833
dRiDtWb1vlSNQQ2c,26657790.824335385
XTxDPdWOLaTHFTbk,98660369.34559183
oYlekuXspQK1ue1I,5461625.612596255
fd3G4wIfF7kkphQJ,28268021.2068515
tMHufScrIGDDPqgY,47483595.53394883
oNgqj8DHKjocqqKZ,3330098.9996133307
ayfQIYLLG0I0yv66,8664368.961719375
PJc0olL2Kj6VMuhr,22436265.34951343
UqVxeAs3ag83oYEi,21632651.534233447
OkDhck51bay7I98e,64523433.5834312
C9W1RHmYvh7kvNwX,11896251.379262654
NvN7iZgyoL96hCjk,10367326.140849426
YuuvgYBZDx9wni6O,6574675.963033937
sVB92p8iKTEoiyp2,5663984.241944785
ZUdq9GBROvyKeojF,55154434.33879257
g0J2ZJv2z9qZ8TQU,17067036.429754402
eufJqH2fZzszVoFQ,26596214.128152695
oSmsUqkCUl5t3m0H,4696643.159057719
V1kGZbbrafWxsvj1,10148043.46734352
CzozEEjldHjcffh3,83633994.16447413
JnKNuRUKSKpSFx4c,7676601.652452485
jsYjDZyE5eCJSECK,30708245.579533026
bnNyVEsnyo6lgr2m,10838300.099768061
cmkg8vW83D8CWFoi,25582486.06980609
nE31TNfzrDbILEO1,18304700.032387353
O0ZsOxB3Z6RCKwQj,47524406.75125935
hbfySCMjPOjH4F3c,2568346.675293221
IVHKJDczO2Npkrd3,15535097.998898778
vBx9dhhVHtnPzwEy,23008941.057488915
zKKlOQ3SKCSs6IKa,24849223.609763835
IJpjbrLbebAOcfIL,15054073.29999951
Rl2sCoI40NBe3N47,15814259.650306072
HbsXABUC8Jr0I9U1,5664780.433417875
j8VsN1UHga4P40Cz,18315651.854791697
raEiBuK73BAXcwqx,28671869.152783297
dR4BA7cfNvLPwkTl,34431998.67545575
MBUTtQM9pRhw20BY,6144180.985103956
DNGe8qC65SfPLHeO,161991491.59116176
Aw3BF6NAqjiTLvLa,21506290.37159373
KOgeyLFIRLDW9pAq,13450380.108595517
MZcxCYBSQHlj1znK,10250609.963769676
tcKl8fYVzjnn5bY3,23397624.09936767
CdBWK4pTxQAjQx7o,20453834.574511304
tWS1QJIFrUYqrWyw,9598177.734907944
P66DIhLCfCCHgxwk,5974586.991368863
CyvQNIfPKnouhnjf,27872988.733139202
D5ZfbYW8Gjhc234U,7521621.804445388
gZFHlqBLu5PgOFcT,9474369.694069995
ZLFVqGn7UOmEyAhJ,49292710.48230653
YeB7QbPhnJwJ5x39,13076359.560200796
uivdCA9WiE3XXg27,9300511.140227387
lL3oQZaikHpWvOPf,8362411.205216093
my3gni5nU1sWMNog,11034101.368300179
kQxcP3eOgLYOelJK,2254516.1814138354
iUNb77Vo1QIMouVA,7918454.200993433
b5hjHjsTrBocqSX3,14185283.025239317
LScUPvxyeRX4OoSX,15976067.058977857
oUVpFiQQGgpSP8uC,42813106.6609913
BFaCDHlgLs56DE74,26455044.663228035
lTMKnfGN51pFESGE,13325818.561275033
wwOslfKdzrNeK8Uf,9187196.980468329
vjU7yKwHaT8nIGsi,67037898.928741075
NYV4reinPMSFDheG,15854454.180970479
jGye61Eh7Xdfp9gz,299583562.4974807
zsbki0ZOB67hwlyF,13048569.091870548
KcK63HuFfrWpBfIc,8673238.013771124
LaG4eh46ieVCvyPC,24708866.448655713
uWHa8zDQK1dkUYeC,28794680.270224955
FP7vCQ1G0sXKYSBn,20107538.207600355
w2p8GCJhYQ6fdwrq,7971478.799711804
pTb7qggq3X5pcRqU,10672634.336808912
IlwOVKCTCpdzULSW,2597218.2074343334
gcsq40lqLN3DuoEl,1328316422.461595
gXMGNwVWGyQRU5Ps,5806164.766204036
As15RpaUH8hbSxpx,41840044.82196495
rNo7oMO0fj0jMKb9,6932540.554553943
Dm1cbrVMk1uQSdjv,8719717.403212665
VaQQ9gW92kgTyB1o,7109129.0055442285
sO07voJm9py9g75s,4273595.146033484
uZgyiZH6TdxjjtxK,16399556.109241068
BgfUM66OJ9U7msit,38824995.35460932
GZRcD3IaR8xsUhde,2596202.0595637625
FfqELGLusmEly8P1,39251563.68685594
kIMBQIhzTeLKHLLO,26357480.888336368
KAoPEj8C6fZg4hCZ,16149632.811859021
OLeyZlcGXNlTUFMO,11532488.936572433
kAttD3aGcZcqPMzv,30268678.419223387
pyNEMXbJwS8aR5Ce,15634240.423684595
ZZgVK6pzUEUphIll,26990927.032358825
Gjddpn3WieBmsmHZ,15161976.586959591
Hntq10BA9mXlUma4,13727153.192118695
sSNQRxFil3Y12Dvl,9374561.92125277
DPXXYF6uzc9Q9fGD,7402764.658706922
J7tBzWp8ovg0Ptgs,24821305.144337896
d7oX2HvOhCAxlfC2,12503964.439326739
z4S1vl76u85iXGpt,16515678.849572135
QegQzPKj9fyMyuY7,33046634.825686954
wYuzdJB74epGEf10,21967700.81863517
FWNiWZ4krXqfdfcE,27091764.93206841
Gk0SeGd3ZqXSCR4W,277353820.0931168
v0GIOAX8BDDplXRU,1977286.48707073
m4pdScyw6yRLyRV9,29252430.411320515
j4pIdAto2f6nE9rQ,5766394.851054703
UgiZZqmAWG84tLBI,35586345.07333111
yEJZ6a35rm2RyB75,3896907.8996000867
RDDLWG1GDvPdXYVG,20900008.184932526
R1MPT42mooDBICvx,5814275.285463925
vpUnluz6w6YWwTFQ,9330122.023005566
YBdttdPl4urEoAv9,30234819.410028987
GTZfNEhTQT93fnWZ,1821582.2192464243
OHbnKqROszDB2mJo,1957947.089571042
E1PY3PlBHFK9lmmF,75837432.53817065
mQY63Ys2QVFA9lCV,152789695.88920054
tlZSwi8cIgIWgaUv,64328011.77767169
WOebeKkgpxuiSI9R,9962418.03441602
Qg4k07xI6q7VVOCG,12807923.052140495
DIfqQrN4WKwujucR,20630573.64581651
kbzq6xi6qVsRNgMq,11658153.59294682
Hx1aidc5Rf9yINEe,10702396.026662657
Z21K4iGJVOM2JV1C,36975822.928010516
UEW9u4xXvdAQtS8X,4196292.194964564
ATOWFZTNTn9y944r,21530807.942818694
Tep33P03NSpjeE6X,12054329.859903881
txwKiNXHHqvZpmhX,3329373.038860126
Kkpi3zs6VaVwlPb7,18457046.48316942
gtG0fxmUhGiDzdKM,1824093.390809614
naE7ZMCo77ttqsOE,99093294.05253582
VoWvhIEnZp2182PI,72558550.93098757
xFpi69WLsrBEGX53,16734020.134264562
ZLc5ulXyCTsdprOe,23045402.99652671
WTwxoOyiSLk5ut0J,64614320.11202242
wRvYBp8WU9A7sNIS,15277371.949600061
fAiM6vvY2ZQSypTq,13553859.594319837
Oh02Xb57cNVIYiWR,22840403.312652662
hzzB6AtRZKg9U2qm,15773841.7467509
KQjyCTKLknxaalvB,20267949.91338054
W9Fb7zzqDZnFjZ4B,523790994.43342716
Fx1yb3YKbgr3S1TQ,7144590.575099185
VL6AnK2qkFDRQcti,3729808.204410347
ZwAlDal2R7slPolJ,13515071.242805704
zckDToeoIYfLQ2WN,40181288.57692001
iYL3STnI43dCNGzM,5365441.6269838875
fnSMHkZNX1HZeM7e,32160791.026601516
sCfdNoLWG10rEXqt,6659402.0933560245
r9jmskjMuVYWxG5i,18428029.302606612
ucbkA32gmeUfB8FW,8219047.254733397
KcFkfbwoDwEFNSLa,7301475.4753765445
TQUC0eZj8HlhnjA1,3283021.127185016
kbHWTOiXsuY4zMWR,4442794.137286009
eZhskONE7iXbNCnH,92332506.39631608
fSb75MNlhkOnVWdR,9824774.199706541
EJMC05AjAWWoslY9,61323724.259033136
nVC1E1GiNpuUEOI9,13024129.851133272
A4zcZIwaYp6xEfkD,26636000.928448185
zOSRppMEI0d9W3Kp,25144746.760256436
txGibCv63JGsj2IU,6123532.870641925
TAmXGFnM7OB8gii2,21034002.537778772
J78pOqZtVQDNA7lq,17996891.02700964
fW9CW7EpGuVGjrsS,27659197.9560258
RR8eL9RrDrTKH0HI,6149639.392728191
iJkB5WDFWoaWcPuc,99805631.85820714
D2uk4hMin6sTOyIm,23393339.13857342
TABqZYjvL4Z3Is7f,8799826.207161041
fuI3zouD7VW3CWUb,1144127.861329443
st9U2FMsIcPYOt30,31699135.591533616
eVVKvxozTrdNwSD4,44922059.20888036
Eu9QFDo865uuptWn,9269820.96970951
AgPEoSZe2Z3Z3TTP,16704836.292630872
dfcE9g2EtoGXnsNE,58526586.409686714
Sd8zXlsq8zfHk5rj,153934173.66987675
mj89grAxOy3Re8DJ,62540165.57147627
se7eIQGaeru9tzIU,18458093.970941056
S7Ua9rhlY0GbNpQP,5385240.892737195
AqnirxasQeThkpSb,16688643.740671517
PxfblkuVsr2gkbBz,5171604.807540823
CYePAONJIfpPi6A9,24044011.998849083
jnUzI8hDajIlYKk6,43195805.10625489
mKJsDArjvuVOCypS,5507483.557662061
jcCudxynissp7cKI,31264742.22583575
inawA4j3il4MYkaA,5441050.085901877
UELe9NQh7CRloMmQ,77893816.03456141
yEIVFZRiNw6LBQyl,33148334.336479615
NR15l683r0TZ5r6c,4692097.269004594
KOlSDD6Qti8hSyx7,11607184.478294153
ek7jNJLhFbslUG3y,11075901.106506256
roDCUMpBXhqLBIFN,27777292.325586747
EcshcPCtg0IJ4FSE,114138413.66216913
viDSuj9NJVoHqW99,10387500.127707103
dJlMZHbriXiW5M1Z,13452935.13609162
CERk62FLAZSb0fat,17314250.29377254
KAoKYQ6eJsdVjg29,49649948.69848766
IharytcLOaRX6kmE,9614468.85065781
W0RtIxS7HAx4NLIT,20386389.915069286
T3kctjlUofs31NZY,53565364.47849562
SIafBtUBG5SyzdFQ,14719214.090910124
oKqUBkIIOZTwEDSy,13507709.6782399
kb0MsO1wq1lDU2hg,22481987.06110447
T41WKeLstdm0BkJ9,84530490.2438718
Fu5yUfrwmcxh225l,19436560.94106026
inbWEu0lUnY57KZB,2781808.6274102842
GrYkbqdMVhoD317z,13601648.69515551
F8QBA4lgUbzUe5Nz,14902437.65321824
UkDWLfFjdG87S7xy,60816844.69001689
HXBhAU0qWG3DA7qL,50155577.92243377
dF5LR15yQ3pUwzL1,15830968.771091247
j9xEaIHvJYbPE6or,12228040.051480494
WFOtrjLp3ucMstmb,10553054.53836439
JxOMIflpZb5Ou60E,16751572.554144427
CbqB9FlggeT5Sfs0,15477934.079494156
D6wrEahO3UHGYbzG,28316607.751189847
hco44LyBxpZvUFaA,11797760.074354284
L9pHapiaihKW7YOx,4167281.100928582
BCbs3BQf0tCKM3CA,56679437.19825518
E6pM89hvJV03ixU5,18558212.946329836
o8Vnl9UaboiU9lQE,25938618.680749916
cfriLc81nF8ni4o5,3552365.0469177454
w88KZ9qUmBaBTHdO,7134315.457339985
xDIpYJb4PoA7Bhdc,17037919.57335141
yxjNLcjONKbCZLoh,4258686.006397451
OpLixjmn2ZOd0tp8,7310692.51460114
BIwUTLoJuzrkT9sk,2708519.7306153993
wMUHZrKEG15lZ9f1,6036902.305526388
pi6ZksBXNrmbdaJE,3427776.3579786
Nzy7ZXAHicGlktjw,6422066.000868022
o1NEe27tQ6z5phW5,45584770.6433373
N9EtxsSaEHiyJQ0r,5194353.085449675
obSIFG3dC62xiaco,46620366.677030414
Zd1FiOtbcSGxnY2U,17537153.723112635
JGmZ2PXL1YrHJo8P,14202769.129940674
xpB0tjJ4WuaRooWB,19002556.802644473
I2eOCAClPOwGoh3N,33688764.89226138
LNUWyIYjS80MuRbq,18639153.999733325
m1CPVch5hb5zCBJf,8602081.097467732
Mxe5GC3bV0NNwYGV,155892280.14383554
wnJWAoz8xmF9Kw8J,12459503.36547793
trAnQQTphsZaJBFs,20617671.736526914
BK1pfwTIJ8wqkHHZ,61396751.59306804
JzO28hblQOxYergV,32775215.586378142
GybipGiHwM3gxnsj,13571762.383033564
Jwj2wzeoeMJsRsu1,25300328.61312019
XUWv55V9PZZMaQ0V,9375145.052838527
Ig8kqPDLkl0X5om2,68653466.21520165
cVousVvoe2qSLUJs,20338440.608300347
hDXM38PtNQtqGclJ,23514609.514361992
DwW8vlGDVRfRfW7r,41508797.40618837
NzOkJzOh66cZJ178,13982577.30323019
ojAqFLYqUcKvhhYS,13100622.707254605
a6063X7qeDnCPvzD,1446099.112570642
lZpkVsL8uum2abs8,64215227.26355446
ilsXU2kVRTqYinkY,11538113.678971648
JVvS0uNLQBs1DnA1,1611519.6375030538
Y7XRiAVQ49JSZ3gV,7601380.835243944
z3l0bkB6Z074KwOD,5476126.33250529
UMMaM4f7CnuRVVh2,14930744.28351597
Y8FOjEmr3ByXCgT9,26155604.0370701
LNJ2H3muifCF2gOz,14648818.206002707
eGtDAVZYsBwltOzm,10359135.00934877
NU3grkV7sdIyPsqy,33225733.777369518
iCQasl6sX0136bCi,23109250.08930098
j2MciLYVrmLJubJF,13457140.366495779
quTy90o3Hjjc6TWy,5086633.521510904
MUuO0FL8jXlHkLtX,31867669.981419217
rmhHhs3g7nx7QJbV,13961106.81202822
zFtFc3pyWxmOeJT4,6063366.078576749
EhHApBvcEBcfMmg4,40617548.137426354
PHgerQCej97A13h2,16304516.140309047
HyBAiQlGslXmcxXP,37717920.69396619
kNx99r688jfVRahA,6270556.05868639
lJISgdaoKeLghdo5,21877442.191301227
wU3Xz2ebR9c8tLuy,2986834.84248539
s9MGhhxAAyBAZwlD,13770676.505285116
AbfzdSIFZQkEuY1G,49568699.297719665
eCOjMx6hi59hA1Nx,28393898.755131725
X0Z3r1rhAx4Zssu5,6286792.713447875
hBMoTULSaU6ypMWw,5644666.923387926
TSs7N6aOngAGpAgn,7787739.168529425
hKQ5BBcDpxwZ1E3G,18168724.363123186
YW49znsdgl7wAWwH,38917052.930096224
kSyEZlbVZS1xFm2d,50088075.50481811
ytIJ2G4Jz2XQkLFi,10938568.166008038
PsTsVT051L8QtyL4,8025393.653191038
dF0O83w9dvf1w1rh,16502352.158044241
KvARj4rIlAw3pts8,61153799.607638195
DtRAvNSqVCe4iPHb,21468888.17883517
PNk3pcdv9keNlawk,11654451.185277494
G8M51txDtUdI5Lb3,7332353.345760677
DIcSy50dlALtJqwB,17723689.66735398
qolmy65Y75dW8Nc2,20721938.401371118
eQmDhmrxJIgZ2gc0,4649027.673688792
aqhsNsGHrIHBojbD,12436012.427358054
qBMTP3P7rGpCYbLP,21782618.9405071
vhsaYePxRpuYL6tc,27581075.51969191
NyDXDFOfjiDwNsZ3,11070879.873925207
BqehNy9dfKvidk24,15053743.665301189
AGQD4kSlNb19jby6,4875057.192537471
SbuAXC8e51rK6EGl,369984716.0572455
ANdBbWKt7bUUUmrh,70818071.87545088
BAAzUvmPd53JMdab,40941225.83966724
vDzdo81WL8Oa4Dbp,9792979.4738874
XP6yPz0QMGhqd2Fw,2722338.186876732
VSFG2qihBG4tZ4kd,25237180.449881334
n0aNO36oJuRb3rfw,31147533.65469081
zjway7QXoD5teC5H,10360920.291689036
yGahNf1uXRw3xnGr,15237622.815603036
bgy9SJCs6NdybSTH,63559101.62620308
vsxWts5Np1hvP1Lo,5185157.537806588
OTGvWWacckI4cSj3,4914331.198170902
A5z1FLLMQAvx1yrx,4928663.009453289
DbvqPD895x20Fh3B,66952338.25971188
ATvX0PM50D7lyvRH,44196844.68156687
XvDPgtTbEJ5ubpSv,3518166.4693595204
P8rG3wkiqLDGzhgB,32810630.228453666
BjFaby7LBMyAzECN,6887999.858182225
urtgCCtpEflglm5x,9924508.090190897
hJF98gBdXdEKFC1n,29621422.953305256
jxPyQZERnXbDxirI,15576489.105717724
SqOzKyki2ote075R,120032296.80014646
MRzG4JbbecMmYze7,55307824.21393475
bIkMLQjMWPlQ5Dlq,27037263.433097564
b85TMi595cUAP3Jq,24486683.447641335
Rn9o5aHPX040wUtu,19803979.661116436
JyHVCvOD85XLvbWD,18052203.323780175
PRq5Id2Xt9dUJZnP,40517318.36427678
Mxp2UygDGDIANQ4N,4236246.975215428
ZnDNXOmZJLkyb4H6,11003195.71711786
wF4MOqce7akIi7hX,13048438.165945577
m0rMm4tcm0534dEz,9141279.322814533
JXxyDp3zUHptItSP,5494154.460171189
GAy5XvTt0NrhDDE3,1530077.584575582
pDgW4FVb7MKzgiAV,28322579.135754447
EUMvYzAvFX95QcNV,28500008.437245518
LIgcVwy0MJVqwjdQ,127927188.99648711
mnAy6sJwxf7VQAAe,22513459.61188272
gCrAVKttCYKPUh4p,14455337.642466297
F4jWawySca3VOMoC,4320307.014545785
HxzEcxKWWGr6l48d,47490116.515405245
RxeRKrw7vZKuxXop,47958631.90946817
b9iHO9tqqgxwdoCq,5094981.01991327
KPXQ5Lp9beowBFu2,29065970.477954276
XSpSDI7CEW6cYZxF,8122364.068919121
KBqxZjUV3Rets4PV,60908894.04131528
zKB2IqfUZb5CQ8eo,266568107.86324504
CIci8cz5NjGqKLiX,6673442.829091275
xjWFvwDgOIgF2rVK,19192797.847094085
sEpRnRkFnb3sX4Si,8672273.904954141
owWSIo4XUSgD5hvX,6179514.315667609
KaODpREWyzfyVWLP,25071588.552921258
UXsIY0S4iSIdOJ5g,49167361.98527027
qzXsssZbGmdwWdBh,117951450.88333036
b2nflNG80StQ4ijc,5532038.247504229
XNCGX5DuBZcKpXEy,5155500.3338366505
RXBMWko6z6D2ciF0,9389707.421927907
xknc1MqaruPAN3s6,11959944.227084834
fFYK7YjZBDPRBHIJ,53905974.447147325
YD868iwPqRUNWkcc,17539361.378946096
ODCLHKnioKrsJUB5,22088045.39886144
bozRSgIfIgjcjl2X,21591354.532192923
oTXmSOCJFfHnBNv6,22871416.243950516
qrvBSwyL9gB4A8vs,197193875.77670667
scgqkhTyOWvPBh3d,3165802.407192741
syJ1dU92gJlGNLQY,14119358.935055291
l4Bi3uqTIay3yVVT,4674771.956878455
juouw9YFfC5deEdl,2942021.1686884407
GgbKSRkmt8Jgctmp,8964250.288642563
qpAHvPp7KIYM1asd,1533288.1208838362
sKiUiNpKdoTbhQPe,18401738.39622545
zFs7hebXFU2OXxW2,25090640.610696174
udXRfDA95FH38WDa,2921954.062592936
HQHeTyP9Pelf0xz2,53729448.152772985
xru7Z6dQezE8KxQ8,6337749.581958451
KbVQfIzbY0aVFq7B,18367165.06675781
lUtiDKuVeIpEgVRg,14284292.09386464
o20nGTOmNzMrzNWl,6292888.9181754505
msnApbNqAWJZ5Muk,14941366.857581595
iTJrDZKE0elkrFpt,79373828.36452918
gGd49FeZYl0CqZc8,8967842.05909218
y6b6sU1Mx5lAMqpj,43090897.087397575
CZnzleqPOGAe1DB7,306823827.97429943
QH82nRCKBkdSYe5L,30575005.263387967
mRU3CmKUvHpRRc2n,38821547.46793875
LjoePxp9XKLbdiNp,4727767.347962231
OnXaC4oLckeLVYGF,10697693.299307683
BcGHJRnEFbnHIhbm,6352175.430432402
esx0oXTwSJS1Q84x,14281951.618123434
XzxtFQhqbkrnwthQ,54451570.06232464
B3vPPkI5EYNba5Ss,23799202.461513724
Z1jv200SYQ6EAys4,20745714.79237984
hoIoENeXudfggnOZ,43119684.64589233
AkUg9sCOxDhaYjSw,24777017.81813501
ntvJzugFEPW7bFBM,9862856.705680076
DtY7mhFPqLqJUQjc,12644174.403423518
cByUxDJ5xUggkMHq,19404314.872047946
Ic1pmyoKOij7Pqj9,30049002.236986864
oEda9ydayBA9uKFS,4936711.2054001605
CTzNCuQztYbTftns,8600843.042991566
CRTbURCWA6qLe155,15430300.427260665
nZqvgqJTuZ1Laluz,45010720.08877732
emRLUot3PSzhjrcE,24980140.017043732
tqJZ5FwrK8VrTQS3,23577613.823878296
oRnPvmtYdDeMGfCK,17489173.815634012
lceCIqxTcepq5fO4,37036565.66084108
N72OJ4A4flfpvFN1,21959836.563934524
DLAXnW3n3Fs0JIUm,24398819.80379233
SkPsRQijl87SPKGR,19039912.12305488
oSejd4tyCOE4ccnA,6170597.620159239
fMu6u8zVnb8LI0QJ,121120775.49438271
QQm6UccFMCAgZEe6,9903343.045232125
HD2g4DFVV9rlTkUG,23948355.404125474
ffZIchBc1HjDaHH7,37535869.58325547
qQMW0ub9weghIEDQ,16738063.59969625
mKdPoFW2RCvmHgKe,20441299.41135948
PNZlM1aoaRWE4so2,6013703.911734416
mYzRD0lqsWgFJyG3,20455646.34193643
AVinOabew7VJEan9,10366563.483388877
FnKzJmajB7SPl1LX,9399772.302135143
iZvdagYQTOPnDxPx,20664337.515051287
T3GojotPHurYpjzY,17977954.87163333
xwfPTrh2SgD4n7Wm,23435416.822204944
ac7lDQaBuFS4e9ot,3823987.582108308
orpr5nWXp7uAPnP0,5987781.017829152
OmIvnVnXlaGOd4pR,14799878.378693745
qdXhOxQXWlTmNFsQ,37887490.66555438
YeVgJOAUKSLFMbIK,6963836.710455549
tqW25YV4VoILTOnE,161326870.51952058
ldEtp4kEcgg9aQbo,54423914.95528646
wpU1s9qmSVeG0q2i,24687212.78833103
lcG8lPI5Mee6LDm1,7243195.890027739
znypgzf5Y2PPPs8K,31050514.604465757
nYfrkM5k3DPemBU8,61020641.34442736
mFoviOpbbNMpfEl3,8957268.82856317
AYk8Z7O9FsyivirA,26930985.72450223
hLMiv8YCBvxHJzcK,7658890.9621295035
NS5hKQZFXo31kXZy,24374057.477527823
UFU4wZdxm4316hgK,22194827.18143221
pcnrujQgM4euW5Cp,26102530.2163566
GBCrFoOahaRVJrnT,31626625.831642102
g4OxwNB3VINw5wAe,5006497.977190339
cEyPesnxNvxq4OSq,4864610.411558438
qd9pHdIrajnAPnhk,4539530.596695425
Q5R6c65ajklF5F42,26674742.144365497
edIv6vwob5U2L0Tg,18710942.542930786
zExK3x4TOuumviFZ,4706535.401139685
Wr3ydDGZ5aNAAYTs,11113628.635867419
HigwCeK8iCmHCXtJ,12854487.663990576
jjrSxv1WGWETzqyr,5307154.9948877385
aE1Mfxtk8hKDek8j,7509087.176969482
EdThtZI4njvAdDOP,7090478.347868769
JECmWbBX9XIZzOb3,2660993.133521536
yBVr0FQWpdN0rCec,5115797.024405639
ks4qbXkXmU7yW6d2,2926525.2819945225
cLIHN28bLGIayKA5,44719091.504210964
NvaFt619F6LzymQA,28756199.875778727
AAov8iijQHaGCFxh,11539124.975506634
ZBD93XTP6gJ9ixCF,97980552.99512364
s2Tfz7Tyr4M8aKFq,13560584.451198673
bfg87VGDSjfdd4u1,30119910.793183286
yFy8OYx2CphjROSw,9560313.622871231
GmCnNU7gHoJVyhA0,14588051.766572641
jhE3G0Af4fVUGtBM,13089638.975308578
CCFHW7JVULId45Ky,11505367.896709714
xxr827V9eOxW4iC6,15572846.220083928
teH2Fc2CDYVMYtCy,27119123.40918072
VGorD9W1qJX0ld6t,60248671.97411439
nelRGwFwQA97pC7k,104055998.2688979
PQzJSuXNwfkKmFyd,6791545.255972728
jo1Ssja5PD5Irnp8,28716901.55803123
mzLQ0OevatwO5TzN,14052323.308150548
vY4ZnyO3mouKo9jM,17499016.56282207
Hsp5sXAcZS4MlhVd,3923697.9112562407
OlVRe2mBde2nJlWZ,40611002.10965874
KYbzfJtUVJdu0KpU,25475473.60729085
T7lfhFT3P9cmAHX5,39966991.39080056
nqr2FS2TXWT3vXMW,27244180.389253195
zhkm2VR3lk13AXS6,26068110.978328675
XopbP5CA7dwHAoXR,39127669.75658883
uiy1BYMNEGS3xkZB,58421628.53568763
dbf31qgLZoxFE0rb,15822402.754155304
vBNOtNnCOQuBn0Ti,20142073.56114634
Go97zYWylxLPEmEe,34857637.59041502
G7eq4EcW2YXCSDyf,4068214.1008898565
ghw3WuVrwFBso7qM,5248067.481159949
PnSciArcezRmoexF,87431152.09105821
Q7XAX0J88k9l2Shl,28529167.678576358
coQoy3SsgvKWaEbN,35537441.35756177
IOdNZETAAWNSC3JT,45015749.49107883
okmoKt53KJThpz6s,17952101.430455677
sNTHGbs74KDfScM7,36216272.52030557
LaswTbpXlls8Kvyl,11090006.036181875
jarPLiza2yE0bATW,7904403.9400833845
emCfceex7bPPCbhi,72068088.13494028
gKdt15exTnUJrcW9,4692163.212403915
cZmMMgBAo6QZ9Vob,32669215.07421694
ifb96v8KQretgo4o,12688697.559404604
xlVXgcg9ugTC6Z27,145924236.95476276
LhqOomDycFe1V3sI,200540181.0931748
o0QCopyLRh4FxAj6,13307562.628406305
d6mbwkJvHq1ZEzTQ,55068368.98028024
X2FAJxaXEEBHWEkh,20021279.65635173
jV2BWAkgM7XLdcdh,258382640.86205193
aby6R6IfNzHcbJX0,11984019.732047314
rL8VxDNg4P0ob3nR,15653293.397944944
cX77rhk5zh9W6gZ2,15530371.820552269
oe4jb8rTN0fGvJey,33196502.88370846
xGJ1uV9spPlsBNDe,2313128.5661342293
uk9GwV8X3WcCSxpE,6772003.686593593
A96yMeDLrNy5jUZ2,18403657.13364287
Pq6BHTPgCw1S56xv,8378016.1266217455
akQAVfjLt0O5NXWt,9093812.806803765
jyzwSAkTNpG6Wc8Q,14241151.308357988
ZDgRfYxqPzNbHCzl,82389022.64220747
oUKMz3dXkSqkG6n7,7631994.490433916
zeJSBqYn3vgKQscZ,23442138.23431768
mHM0qy7xsYE986Yf,151589178.7375002
aLS23p6H5sCjCsM4,15864863.620190728
SV8ePye0PfnnxOuE,14964365.445233941
Nba8qHDAeIUV7xgO,11200931.755764587
sBwIkoIDWyCV0Y9K,1515095492.160645
hjRcZSym6ua5Ry54,9414823.063939588
MyAc4MaiSUkQRFEK,12002698.204123247
AIPl0gvYkgChrGBy,1593644.9315597077
gqTbldDAbbbgvW8t,205889283.08223376
reojHlS0o6VR5WiJ,4942623.435476206
LXgY8KNmYGNJw7rT,26329067.996569384
NoBrItwOSq5LrTql,8038307.606612913
rxUX1sQJFeRsExFs,6650877.742375826
p70vO1ITiQow7KHp,5881977.411791721
wEMkk1LDPGjQQCmw,76212190.51933903
yHHQ9e6EIjBebrTF,10600217.722022856
uZqtf8oHlGZMfgY9,7764705.59066503
TYfB2VEyEtSNOUXn,15380856.934593922
pYfxLxJwYxsbjBLF,12597068.349033006
leMXqyXhcnsHWj2e,14603106.411906883
OCtseV1K0gLl9LTo,26994627.826046772
orJbRFCQ9423OeXm,7122163.623221659
nQMH1pghJ7lDdzkS,15200482.091790225
yTx69mdbxnyxCPij,31396057.300497077
attxNRd6NjvcWiiS,27878382.135687802
nUv0A8gcKu9y12Tt,13834164.536048068
XaIDlgVEttkexaG0,9493756.432623202
GA3q4gfH346Dumek,374346238.95994264
R62wR3oB2sB1fAW2,14832248.038631313
zeH6yyviQlp4qDxu,33706207.69596481
kT4omJZbxCiLia9R,16367959.812432656
RTuoAgsid8Q6wKM5,10334494.935487991
OAaiJtu90ixf92ar,9693700.497317944
UdTxnK6HMwJR4O53,8875013.071542613
wSnMLqKtwK466Xg5,24502582.627354678
e9kAsy8GS4MKeC0z,77074534.57144777
LoFwTaHHvCJqABUS,12861150.490483562
JOMdmM53jKboRZB3,18054881.88161369
ER03m5omhY07jzfX,2881379.5642062547
bJia20olCJRHb7Wz,8151867.697353512
qJt1CfJYOrCiLWn6,10722006.04219182
CAy03gdxGTvvpvWD,2688298.3293182054
N5qJDv2HzfXG4lze,6384241.659631439
i5VuZ5UmTgIynwKQ,33376783.41539397
KqwLQgmZjTvAA2az,6770772.693131007
EG1fv8DwwQZTXfio,74585788.65813822
WZii8zWlqyzDmhXJ,16638744.549564546
TaU9YMX9lZ4szHBv,47642169.51432011
V88TV8Fyq0o3eFIg,52080767.162997305
oIjW9eXUm0A4zNhN,1424124.006950523
ckQzR6HwEz0gCNcL,16682200.58476525
Th4XEJy0mkwNviW2,249683811.87402844
NPDShg21Ii0d7qEh,11917889.73573405
U6JQDDt24MXZtImQ,43270172.1029128
mIdWIKSqjvYydoSV,20160018.628844205
dMjHoXvrODDytH7U,16989750.703878272
DfZdFpBmCUn3KqGt,31322645.687034488
Dfh9QpMCk8ikUgkN,14429781.912392544
c8vCDODNVtb5cXGY,42737743.341103785
EjeLtCOurf7JATgc,28718489.418971565
ZgcggR8tOnEprHvC,29801200.23250976
FMxPCbmXcGRE9aeP,17527126.29110566
MTO6i7A4C5sVVH5u,6707247.153933958
YC2UOxVQeU47VlNu,42616412.91547904
nADY0837UkAlnLm3,15444073.553850755
eP7W61CpELzMsx9b,18863459.469539598
Xu3ur543QpMKME9E,11321943.711874358
Yt2axvPOL1bEpBT7,4727199.805011757
sxhOtUWwAo14TD5T,1938168.1024174152
AkyC1FTTIuAYvTvJ,5271020.63648874
wKYkoStXmea5YXkh,5944944.450251636
shy0ZbSDeZHt5yNr,4579050.0893380195
tjcT9XVTWmI5IEJB,16081143.451997807
jWySWxIVOWY2OEbA,18315944.96260419
qhHypkKeJL47CN5W,17071691.716413822
KNdfsWjKIqJxwElP,43684174.14462843
LB0LKvmpPQ9LeRbe,15087696.500603031
ilNZTiUNnRTjp9yN,4678533.589961607
j0Zl2tZRbUxBrvws,12008039.930142056
BIFdSKOpGrXduvVb,87810402.5486263
zgfUnIKYSA3slde1,8669135.447595587
MI1P5shDMtct5iFy,19743034.164382994
Vc3D2yyii8wI31Uz,39700083.32145919
ebyMFtTwMQpWZept,56666438.91236277
C3QLpwnIctC7Dktl,23382674.656791985
iBiZRYhHTjAgx4Sw,22042553.006635286
sJ5daQaawbwaIfyS,9885440.410503795
QuD8mCM05SMUYPTi,14540321.918940512
lTkIjKg3Bw3u2Rca,3629599.7539212676
qEKSQQMVT2MK4qjz,8528485.790926792
CH9tIrrVQlkvDwZ1,13703098.21156897
g4IP2oqpYlhUzJRk,15100084.890667431
YsBCRQajF6ltqVDb,34899238.65356057
nRLpMiBTty25BlHw,11902298.467534646
VFknZ6UdVk6mrfRY,47790461.18606955
lqgATEZiWsTYSfmX,21213989.206853792
tKlaSnfH6BdqNTJw,10583705.350305868
EtcCSD4WRl5VCueS,2465400.403232042
x5FWFBNjqDZ2usYZ,25646061.988760438
oqkf3cOQQjEpofK1,36769148.22023997
Ldp7by7COKIgh9wv,18058538.888607733
enTnydxGiKKO3y3O,11106152.614115978
xl4yXuEK8tH5mOtG,15977374.96488083
Qjg7c7jalranRE47,2623756.9211977273
Ycx3Bv2sY3rpx3Mk,15518699.758493366
qg6F9eShPCkxIgvZ,2944449.7300564363
EbEAejNbIvF5J6WC,11818189.26211002
njUUV7VM85y6Y6Ru,23268738.132627904
oc8V4Ev0kIkfxWNe,32435735.77935976
itZG6NTY11uOM8Bw,16610632.892189942
rGpriHmnp2nIfWsq,59628568.8661106
wLd6U8MsbdJ0f0YD,7155833.960639595
Z18Q2kcd3lc82N3p,20057989.17258138
xQapDsAouAllyIYo,2729821.36752217
vApZ1aOmaUWGPkPI,31867669.981419217
MPMeEhMcpvKXTXkU,6735200.114586831
YpwREpzUE1G6Id8O,38489839.97608531
EZ2M7J1axwmLGrtP,254110956.4504446
o1FY8U9y4yK5FKsY,3558339.1786729596
zlToQbfVg4WZu8Fs,32149597.67985353
xAKuAHff3kW3xQ7L,9350804.452317486
qnWC7Cy7FVzoqLob,172944699.98188958
Ze3mg5fR8HggcbGS,8081188.517909042
h6Q7Cr27ZT5HBM11,11192380.470675377
ASqG5Jd1t9O3ZTqH,14229123.310415747
jjxctiSoofXS4L4g,31305427.763348296
vQ1y80lY9KKqvvVP,29246540.320364833
vJ4DAav55QNlap3e,9604466.757765533
XPqs3aLCxf8MbZW2,7294939.470497776
AhSkrL4P0IJxM5Qp,17881495.10915214
DyEhyWZyrZHA0OzC,10755695.21379362
KR7vcfOWcUGPPvNQ,14707720.542674417
dbNPxppnB85I0M0Y,6146193.168245666
nmFrm9DcsY1wGVzA,15960332.451428175
zou8qpmzcTRlPaUT,34001056.513593026
ULGQunrvfj701JwN,45694169.20061883
ZQmmFmaI01h3R6EV,7149954.598818667
VzNxnOMWqzfGdbPg,25957798.752820168
wnk8sX2LVu68R5e2,33491631.362548716
kSZ0MRviC9FvBmGX,13884192.604533453
L4zyiQrzYB584akR,9870710.155232606
vs7ld2pVSra6yHiq,15129493.247099236
wYPjxsgcywMf9rgc,6161581.460228913
YD6EpladtlauUeCK,21917931.705196913
LYU2dP5tNDFsAgai,13911565.373094572
o9K2NlazzIATwon6,27761616.86873356
QTrOevlpRSqEA60s,6301975.948189339
wrD3irkzS9Bb6DMB,52663092.61464903
oIFmMYy5ZNFpWIH9,32305099.95662343
NfWKL68prhv3SjBN,27190707.736522906
uLuaXSEOQu4GJqPR,12197791.578145243
TW5CLX7QH06yJwb5,12198193.450163778
iCSRpNaqA0k7tjlG,2652520.956721553
zmsmrjRjyQezBLd6,10305638.00173259
VJ4O6Mfg96WgoXT4,14495001.95687438
s4A8Sw4OUck7nl5R,20566421.316690713
DRXAhr0d4hF6RMqk,11085344.781700816
yUT2lpup6Of30VHj,10581141.794669148
oDmC7SsOxjkb21lp,7930335.468412862
fOshmhrEw46ZZhyA,17001948.898201253
zlTGkMB9GmN1ap7W,9002743.34316121
ui9twpl0b5ICmxLd,10085718.175678574
AsMdJI3MzuNnoj2w,29164399.634736743
Hi10FZm83W7SVt3b,1808883.7366961036
GotrXZXlBfm1JNGk,10440074.672526652
d6iaAKp8vWjHfRrn,17411947.286926396
acan11LcVAkg64ZN,1855302.4145647015
rAa9vv90Nyt0CkiV,8277043.785765114
jNZ1oft9W43vDMRq,9617389.352953268
m4dcnSBbEepEXpVv,48435714.32956096
F0JLJDnsd4UZKzh9,4291564.24364149
Y4tqYhouicssB8xy,23638505.589104913
YLxMHDvlRQ5vhpRl,42202979.854704775
HM7jZvBI2PKR7VX4,7860041.35742636
n8EqcLFnuoXNRcZj,3528525.6734910225
LFo9r0fc82Jvwjd4,6378733.751768081
P7M0vhKz8qPk3Yx1,9007621.752781643
ksohTLwvz2v2ZN3Y,83056752.68515189
NaG23pI29lktd9nm,24149730.757595282
S7aQmwzZhABUj6Jf,58079195.753609054
LRh4vkzyWZUxH3Ip,8641550.609135265
utcrvPS4MHOEWdwQ,6247865.187301623
DuE7xYuQSJLAgynz,17628214.35211983
nVsUXrBXk4YLCnzp,6153019.916219691
Q2v3gaYgbRuUpGVL,28694962.24421051
tgfvHily2w7AsBN6,13214190.937881116
boFCXeiS12gIHZZM,3622846.0921476698
Fk8IXFb2COg55dfz,88572041.15007767
LqQbOTCTAgimN02b,3167386.570661549
EAZ0Hn7cRO19P6vj,79752338.432784
NxzPk3UeCJbIKmi5,7443191.052377521
dTot5XURbOFXTERv,38536258.357933976
BUWTExhuYi4AjaYn,60798054.19415129
jrSBOgMsdZ7YCGt2,63279679.104601674
I0wh1o8wAKldt6sk,6884576.431798308
rCVtSywhGupAAZ0F,16781357.843260627
XGfL5JMKEydX4Q5I,21215140.851480905
mropkkkffhraUvIE,24748344.903027978
yJhqkUM4VmGg5VRs,6455493.072284623
WUHq0sIaM5l1qJAb,3935204.4787397333
hFJkITGA5mEAWUBs,7244385.919409243
x5Z87coH9ncrYtUp,41760729.542532995
DM4wLzEdebVGElaK,11338668.407615323
DPo0TTPWjEPiFKt6,6474711.932776424
r2pYrJyFNiKxRPEr,18286671.265197363
ZhpGpjHQiQtMdPmu,30740647.935389787
o5WEkGvB1eEYaizV,19773694.44779507
GZEMGgDOtSRX972D,10256928.288420003
o39rAAPMc78NeZpF,58509024.08091578
M3P0PFeSzW1zFFv0,1638820428.2937994
CJe48n1uYGV62dlY,38509791.80096524
VQUuPxwsaeym5wLT,14700324.662799787
cG7IL93W2fiAZfbn,13384793.280770246
S0JrlItgTFKFKFNv,12919830.442970056
B4kbXmj2iocDnFOm,24560558.899425544
LJiCzSHJP9ULp7yy,9973056.211958874
jzqkxx25rZWKoaqh,4805581.369848021
oBVMB8lJfLe3Tn8P,2098958.3320659194
XqEZGG8TV8VSaNt7,31323673.49315468
GXdLm1dKLgoeDHJB,3631522.398757598
btpBGMGarD0Ip3ih,9846232.508560052
gWq2bNtI9BWWibf7,10424820.714319468
CeBRMEaW4ikELa8r,138311239.5955381
gS9pM7KqRxaqxKug,1962890.92151831
mGJPQkiZVWu9ldhY,25353861.282402515
KhyZjdRHXhfYps0B,6167541.881426241
YwhIfBrHPDo42jdP,4734496.623604109
D23Apq6I5YyVtb33,6086802.720449789
nr0K8NXSISOwkCDC,6870399.436893777
dbizIWiedif5EA4L,7876300.086044334
GEW7ebjkIjU4cC0N,10945318.172877157
bDFziwHEKdsfYQrd,33196502.88370846
AqkO8lZMS3881ySp,5536472.125853908
F1RP1u53spNF8hd6,62150842.55843124
to0G8Gp5xW9zi0dc,13775968.801243728
sp6UiQaldkxNUi3n,31178272.20066552
gpNX4IwSeBjnx5YI,13535611.013280699
k1JvBn5J9SB4xWh4,12071379.232493823
u3InulvM455kTBbU,24643847.512674343
FVLcLAFr3rUS7U4q,28674222.937188838
b3IVdsDueVmA68Pl,3150039.271977561
nyGBqFINkkalNMyb,9372658.36444386
m2rF7SRY2H3DX6ed,31380150.863465432
YVIslQK4JZFYg71H,51687571.20245547
dRfWgl8rxKSWULFk,12059518.922886034
qjLMnda1aj0EG5Wm,69749012.49333733
uV2PKFb9yaRd0DP1,20375916.86139645
C1d7VyzBbAy7FLdM,18653044.118847184
ipwl6WZGjlb3avC7,15330805.315237334
QPbFuIqZ33H3Wxzf,11858355.844965173
q8RHvmOGLmj6ZyOc,9892578.857060893
Pm1dNzvJrJUnqpaQ,8225022.905745941
zsq4lYhRysgz96Al,24979152.04734296
IUMvfSjslr1jYxNJ,32353747.562888604
u4zSBxDlOnRXXCiz,12570461.744258583
FnywYEOUpPsjcqXq,31053900.146501623
oXAbaxJO0tyxOPJ6,28505835.509005483
Cx7F1bBiJ9jJHjor,16079193.633746011
Dx9N0NUQ2i3xcICt,45104880.205887966
eaSIgZwjjykzTXBD,6391012.680547674
kRTHvDH3crrqBEG6,18373005.95486409
mDYs4uNeBu5gZVWw,16574825.923094627
BNlOboFydS6aK3L5,17048045.233202767
EQxSlkXapWX1O1oL,7080772.737829557
AH5ILSG7l4JhezHD,23915055.780248117
Aa4mHZkiqy2pD7xe,11411657.844794394
TYTT8hqR19ZduEEp,4715322.5388205275
QrgqO8l4tnv33cBp,40288915.819127366
dmALtfx0siK36bGL,193546681.90081662
YETNkiTGTqhjtKXu,48991076.68124397
OdEdNP0vl6IQyKox,14765168.245703848
w4Jv1oaqx2Q8Wonb,38440653.348535374
fj2wk1pL4haLpsiu,22153470.572011206
qkAE19eICDF7f4gv,6541701.38284379
AbA6Ldn7NG06ceEW,30341394.920446243
k9JtG5bQPnSjxh2W,32101731.90451489
XsMLG18fNiv5Tye7,41266492.30049083
EAV2zvyKFEZgp1nL,24154452.81492989
DnL0qAPq8hO9yvNX,22546325.52879252
PlYMLmvo5ckbwqAp,15354352.45404176
X4St14v60CjGwnOu,15249973.91760606
qhdaMFs928QOyQXl,29361212.471615434
cFdVdAtr5MWRseKZ,12826251.251053127
cPoyOvtlfJMFruaj,10513739.934725735
TJnL0SsoxZmmQ1Jf,4315559.495654476
Va1zaJb4gGkNTqfE,46443551.00880972
S04QnnwBV8sv1maH,18013949.931697395
UL51LBlG1YQfUgg9,51712175.16786207
vz9DIykgPrDqR2eu,27014073.713347178
GVUjuOlu2tPVjvZh,2740521.7097895523
Iipw3jFIX1GmOCiM,72310569.5625083
G4TSOTOItkiDuefG,12423796.169818908
pNEgMNvfn8iAYDDB,11049932.471930174
zyuskp4urJNFYrvp,16189898.718786063
BnTCOssRYXKdgihM,51509057.6950676
V6oZEdT7LFgImubZ,47278876.52018068
eaKTzqV2qwWnklvO,12848733.185674543
Hufd4ALJpdxj52b7,11139802.904259488
Ids1VsnKPNlmBqJA,16082274.510012478
ELVdaaO3kSyRBHOW,73385477.36944503
mUwH9RbTl81wJfOG,27594960.743341617
fQdZqY9jTvTvFnWV,6629292.873834031
xNNWk0RG0lZTpNvy,10644892.243763238
Qc8teGMgA8mcNDZs,4903582.1374127325
kg7XxaB3hTA0SeHe,5162644.712323762
Pv3K56ut8DY6ml7F,35518193.76666317
Vvrl8h0ceFQSQg7N,28555587.006982643
k8EOfvDOxp3miwT1,16513111.783082457
IsfPqPay3tZk6xWX,11586238.34359768
JNFAMZWnJooJfnF0,26005495.192772668
W6vqYq04ROPoFiG5,8523623.115410516
FSulGbU7AT1b1HkK,11669512.800824067
xWNQ7HwPgHPMhl6W,11244964.429716596
q0vtbzqgRByIwKVz,2078652.140387633
PmQIF0Sn8Q2kYhrk,5584547.555057656
kbQPoQuUEs3DbODm,20193963.30126795
iyq76HqxImGjqlz5,7075592.881403609
UVxtmPhpm439Hz7V,5295699.599407439
E0hresb30kFKhskQ,4445419.714846259
DBNypkpmu9yTyQoI,7393805.132065369
QT85ATxIyi2Ek9Tl,27971348.84724083
hBve0Su5Vvr8qrTA,59752822.04536324
zj4MEhOGwhHSdGJp,10431394.564908622
ACDZYe6HtZGR2uHU,7036872.876396344
yJvDWIZaFjlvW7cA,8414896.541026883
wAY11bwlfog4ySke,11479430.224109812
Vh9ywAsx2LIUqQkp,16168076.19792675
es6QFNJSuXpOUxP5,16090147.594627935
ms8J6OfROoYgwi7O,15116733.781775793
PKzZAbeXIfRlrP8Q,4134444.2906087204
HBJOPj5KdegCmuw5,18411808.23008007
R1Ol7YDAaASneYBK,29334174.54086786
AaLw4OHpLtsacwPb,140500124.206103
AdASaIYxvckzNDS7,9143158.435393592
p8kyOgoGicarQUgM,28130644.82575962
hqCVglZtG8XOSlCj,3977679.901623734
DnIl9VJDwBgJb0Vb,11093559.370745378
ngwncvWKwVsaa7sa,5575397.303990189
KVDaZvPLr1aUwHPf,7120181.853072406
OTxawATmph2CaxJg,33167987.185300026
SGpdhlbnbWHvB4tG,12560515.154422624
PCglspj32JwOhuyl,60087986.37379709
tj0SF79nKuluM7PL,94631181.04886366
YBQMDl9izRDA0Obd,17380180.366653334
ZILMY3orXsurGFmf,6153472.712148573
EFUsVcAjbjQUmn4o,26333509.824058022
UupQU5VeLzNxpgXl,158904146.20622605
faXZMf3T0bIkzcu8,7749531.227677848
bkzsoHth3XwNP5w9,107093984.9278999
rBc758SFf6iv7zSl,3232735.9114721175
MQSb8QaSR7EU0BAB,11479899.385172466
gyKmJdcZtJ3aYUPE,25802289.7827913
m0LyY7iGUOAlF5lA,28458225.17598205
QpzRsFoDADNDHHQn,40046967.045332775
Kv3utc039y2dgNCw,18089805.187718507
lIsCqxKzGqpmTWcx,9233947.770329736
d4fqCXEQ29EGclNO,88314162.88346569
KnVXM4WMWikldwqy,62026518.56656963
LvhAS6MnKWBl7uF0,136643864.65769017
fXG45WI2cii95NAH,11633639.56587687
cyRfaSVnR9KbQae1,8594701.79630072
AzATn5TwDtc0rXKz,35449304.14009477
Rd2UwotkWmg6Apt9,10147626.093997784
qSBZMbkIRT9HFZ2j,147407995.79844466
RRhGzxFfbRrTxh51,12071537.408297615
KeSWaoqvboXgvDC0,93645961.77892044
gkZOdnAaAvaMKJmz,21495241.844227027
rbBMo8q5eRptazS6,13606265.519020597
LbC5skiuqaSAQV6Y,121349994.60057697
R0UGHIYjbwSqXEIR,23607266.362359304
CUZgshaoOGbLgYYb,17695827.134939104
cXPKJ2QGRBv7sCnF,91093364.6765109
t4MZYQXYkWlQbXsM,3200928.2259470485
EWVCk6jKjtoZijdd,5723809.8468790045
FGXwyMqdg5Jhi0H2,17855394.475042675
jUXvDyjL6rnVDTY6,6765771.054381325
d9mU6CkyxeD0AH8K,36885600.804605834
ZfYF0A0gBUTXLdLe,5648680.281989234
Xsa0m0lpCckhLmp7,6946042.275802393
pWDiCbtkgOP314QZ,28929683.520893537
tRvmrxtfE78679Dy,9402821.906224197
kOqlfzJTXjPyYZ1a,9050523.308146948
fZVN68Vm0SV8UZ3A,17515549.33053833
SLNBNHz2p2EVJdsQ,22424728.482697796
KYXiC9b42hrMeceu,21491058.06829059
PoobdpZ9Fanhd7CM,10562891.90684822
lp3YiYQAlwCPI3Q5,12885974.589738267
lKUK6l6zyZOcrlKy,2882487.395105782
cbwdGwr6ng32ocPa,8366338.85177607
PWdJ06PhxIOnGwa3,32271820.801352073
n0JRk7FfRk0Bli9I,16405591.222156843
Tin7DaIVP4MkUpck,13660901.17260942
p4mujtHwaPsDmJu1,33703190.41107824
tV8WTK60M2LPXdsu,4940964.044580278
mnjYWCocE3SaFy9N,8357718.589642741
LRdsKYho7O1GBOrT,28382686.714786246
V6qz8xhjzoo0TXil,13034277.021466276
ISFLQQ8YNteeZIju,28851986.549284108
zi63hysA5fLz8M0W,15913586.93796521
kxarjbZPs42D3EoO,22071379.983990245
GDOjus0qzxyQQxr7,16189924.492109995
Kb2jdvczd51BZ3Rz,15534074.38218722
l9NZEkjH30FVoroH,4063324.7361577353
Vsww5Rf2c04JtkAK,597481.2052307522
lFJE22z7ZSCGsqda,28489218.045546718
IYaXBuw54KdT8mNY,44013927.59968172
qzrvneHiAUmxe5WV,8729632.429427715
fiCfsXJ5sITo9kWC,16750406.576929426
A9ICo5qyLxnds5Ui,33857942.98961271
Zt6m84jWG3RL4Z6s,10064827.548892343
b34I9ebyyXsvpgTp,20852769.411337417
WSAucqlEPrtewk17,1416441.1342143347
ir8KSf5DutzLnVbY,52621411.37693498
L8hJykXeZ5xcxwmm,9269982.753499834
M7rHjsXrh8x3g2NM,49879052.651210204
HItDAoGHgo9E2y9N,2731490.321808123
lWV2yBKIppmTKl27,12448353.590264667
sSEStafrLHnazZfh,10860673.885771217
PRgcxVjkPT4zpk8Y,4640830.576090435
shhChTUMhYsL88tA,16477608.159173612
QPCBke8i1wqkegLO,44937074.852729
iCqmHmbIiynOfs6i,9513194.926188072
apgmcTHWQPUfHuiV,25115623.409583148
KH3AeGvFLi0RPEXR,8760427.078109587
RD4OvsyTZJwIaEAF,6555927.875373836
HH224OS4VGuV6fQg,13974920.19970126
J49eMqC7RtIoTj4K,23111033.500273097
WRgzZinRTxK34i6G,26453891.215805635
ouCVbbXXZWHQUwlc,4839123.055549501
HAEeArVuqk97BqGx,18650052.76507144
mtp3FLLI9MHI822d,28583697.677757073
pWdZzYmfcRnv3Lkx,40062896.52223463
F2THmRjVDdMazsQV,10313397.259758811
crKrvedNWGoUEe4r,107992968.16928487
lRp4V9xJHFC6sEDY,4414659.032359717
vL3Fx364HsiLD5Aj,18440897.046913434
JjHGNGd3GgYMrf92,5867641.737985466
tUnxRFYyBaPntvqe,2761760.7807152844
ItEn5thVVIA35VCA,25878592.455882695
aCQ0HpEP6n2FJ1Zs,9992619.913610224
lDFIlo2QNZ6Ya9h5,9497229.419957483
qNWUIV7ymPry5wFC,21119299.50765539
ze0TMhW0kZ1WeOFN,30335494.29072483
y0Zkn0Q1ManiVmhe,16108212.156425206
SLQ5HJDjciBqAq1d,17699513.262022696
CIfCdCqKXXuHv729,23399851.78903179
xocWx9NNreoEqEmt,33383172.859337877
tdfTezTufPj9b5cQ,14281793.88223185
McuMB3FkqDrn5GEO,13294242.483242078
y5im9oFDLTNj8696,11031570.37351792
QCaaiXa1MwKsSkcs,28523811.563156985
FhozuFttAm7dHDvw,23645478.694027588
Nik4CKR3gN5CJ3CZ,34726299.76685097
RJ381rI1TUpdrpk2,27952654.665989026
QbSXDQdeaVyavRvb,38804983.02073267
wiagxM2GLfOKMP9O,23474042.775860284
potWH8F7Yvm0kmFg,9556624.362545121
k0jTkjBFwkftNv65,11233966.136127492
hqmglZ32T4oHhkzd,36125579.9948349
Qn3sUGai8rfSNW8f,8876110.716715
U7LNhlVEge3BBYDO,9142943.395875314
biV9ieglNK68D5Nq,20355660.196801797
yAgt9C7QcVS3Jbug,19876810.580819324
Q5LqudmrksIvwMlB,7493575.215778852
RYxgztmQRcbvAm9I,22557415.753788836
Mp7Q0ZbBNgekGrD4,15864707.2603829
VYUjUUYUmxXXlh15,4907680.537888255
I5GvsOiHnf9OuBrZ,36946275.061050236
q22oiP4qanSo7EUk,1752130.0260459066
PSWXFbg4h4n45KSo,2944215.484918066
QAdK6pXqT0LM9RjL,82179975.5015921
MSQ4YtG5qTFOSqsV,1269348.0196745363
UznrfOoC1RFM6KYj,4162170.3844841192
LS1hoKNpzBT7EYYp,2907391.3943961663
GqObFYyoVpRVpRTo,8813165.7919228
MCAmVXHchoiwI4QH,4432166.896034182
YD60MZuNCrrTWhgp,21184398.111948527
jQL0XQISqe9Bon91,14118084.442747636
TA1HJus0XGo24YYV,50237965.70925284
IgT8OsEOYQ0i0CvZ,26572873.767245013
U0UoR4cK2gLW78wx,25337459.15325444
yuk2xm44f5mI2clE,14424770.887357868
kQDkeeZGiZTh6nVC,10085011.934296278
fvGVLcP2IRm13nhc,21097137.4538591
zXPMfnfyQrTIe3ML,26440608.99189655
mLcGqduKezPwnPc9,2964719.9473427176
ElXF0CIza3RfULes,15790319.081808142
hCgb1arToMCjbEBX,50354409.748242244
fsc02QG33EEQj8Gk,32319093.89452794
m26Fm9xfVtSQhmOT,11477595.161988629
B45tZp1lgxpqI8PR,10212113.13967473
SjoCNHTm9XpRhCUj,25438357.5686226
Igi5Ls2kY622MZC5,51220268.54036165
vodWVNAd0uirK1ky,28190460.73338865
HLsL3Ms46rxIKIWp,6104941.359579303
tUTZrKlr2rF7kVIC,4059288.716925552
BiLlna7b6b1Dcj06,23829389.187040947
jrNkm99yPuwXlnHy,379752530.50649405
qFtAThuTntF8UyzA,32666725.19508732
WNYoBkkbUWUiyX1M,9716270.2992044
BGqHOkme022gIhFh,4146311.6254889895
S6f77KW8RxwHTqIV,22527650.09712185
THn1C0SwgoFVW05Z,7104277.998904709
YayCXEJ3OAVusNHb,59223469.131659485
ABKaV43QLMa2MpkZ,13867823.171204219
lgtiY4mZzaTnMVln,7830432.164741621
QLGXEDh0BCusmrbl,7566833.417754174
FzUMw14ORsyCTyn8,102737675.29785836
go5q3V3FB2k64aGm,7930929.046420954
PVX1LnxKk4FYYoVU,923753.3362170681
q1viAiu6L4tNta6B,7286683.881974607
OslwhAGlaXehopUi,2917227.802904111
GEnvsuT0YpEJ8x8O,375757508.5473411
RmCNTxbO81EGHKAQ,13257656.364955897
wUET0d6Oenv5zO8C,1777139.4297929935
HmxQGmS5fapPYoPy,7869356.692337804
HTwjFhURV5UcaI54,97225122.91153121
kJhmIBSmEsnmlm6U,5149621.771915691
DuoD2o3KxrvXVd1n,10813058.473988011
KPV8AAdq26pHdg5Q,46867094.52839117
F3rEmi8h2wXi3JLQ,10229428.734093403
q3ArG3H4vf3NnPFa,19495375.063157447
dEjO5n6jNDDWtLBa,83201049.75303265
cvuStYYihYtsEAxt,11395843.956809193
zAyjJOCRa0ZUNsL7,27973628.789714664
XPyCwVMIfBpIVW9H,17474928.482802562
jpU8v8U3YWG5L5VC,7295829.565849738
Qb2nkYp72xsDbOgZ,27747322.05011553
v7yUt03OxnJhsDKu,18506702.37919146
BhriR6Q9owpREsT3,21607015.39413501
n321KtL75hnCF1bP,7660861.62274343
a2NxVOPljjq9eEGQ,2936457.3729342283
zUnuz2R9ZlcN33tm,28870321.050926376
LghvllQy4i0h4qt2,30521536.874313977
SosIu82otOChXFsd,46272981.754658915
cSmgvRiNVvCpB5Qi,1030534827.7520341
S4TnQiWaYtyarGVv,116447070.52909847
v3sBPBFVikV4EHPD,12966668.499228073
A1HGQ2RIFKRNF8jz,104937269.13879165
CSAUQYfv840j5Ynm,22896464.695290517
c9A2kkUDa8Qmsau9,13088046.68576971
WqhMEbVyPLNlQH2W,25342559.468631443
F7hampIeflecmn2S,6806283.225356561
tseXwqCDk8WW7xUn,13492317.418647299
cRl0bHS14YhpBFEB,29304360.907036696
xmXSxGUShnljutta,46184473.7865249
xkXasIQfoDyEljpN,8294996.642926002
H7ptcHwlLbpD2tM2,21553876.344864197
zKhuA062JEmrHyde,7197154.030661646
uWp2tPW5G4CIgtOP,23634712.272182316
w2Dsy1hzjlNCNBMR,24168467.559850473
hTxfHPTVlqPfqzQw,2192130.794193747
RTNIASqlSs6Nb6wg,38932013.63121505
bu2nvVSJWapc24ya,14521098.347375017
Q2bSX9IodHakT25P,7398884.727332527
bWT30Rdf2vkKyZxK,21779115.980406996
qSfPLWpihRa9mdIz,2296836.374908599
oO1CTyx8Lx59Iurd,19121842.59769167
p3qBUSTxRQJvQSPP,18514097.596553132
nWBypjqPdWivxUI8,27912945.969786078
T6P8X5cXZiX6hbjL,2732378.575394188
o47Tvy3WkWbUdIHS,14943155.861877896
kOCpDgNiVMkaw2a1,16057570.496326853
TCjLMvL6RLu33FRc,48818517.47233001
etBmBD6we3MBSnXW,26254967.239817258
LrrbALnbk9SYAC4a,57346985.219283655
WfXlG1EiVNixMUcE,19537223.05478626
Ajltp1mYKvNlxrmk,9303196.396646569
YEHWJLeba5hExMH4,81857488.92366394
u9NJqQ7nzq4Xko7l,30342549.208195414
tTz4mxFkW6w3hGc7,105870916.98109916
a4xhWaOx6aTgjUIx,14228142.98961019
OH8RQuQxfeaWguhk,11017409.292863859
aAbGMaMzANHgZ6Q4,48320477.22549785
nj2QtWJiLtAqXOwa,10085219.05986569
cwqrXz1n1SzimVUL,14819823.921673674
QzK2MtEJ5pWH8JPi,12057175.86016937
UYebfKESoMIc2Kod,26925486.768268906
wGxrCpzDzBXe2GxH,23377189.54490123
caSsCnDqBhRhCSB1,8490587.964547196
AC6bhKBRXvEyY5Be,64291168.396759555
Ld24RBNNdM7RtMRj,20818517.119848076
xIGporN1awgoCdJ1,11985913.230226867
bZDt4dJE9qOliHU8,59731590.1377719
MviQu5fkqxbgy2nZ,218455689.62550223
BdhRamv7zTJOoppP,30951365.25994146
VvKTS0DafsxZ8Zb3,7018409.825492779
fJ0cKPdWO78rwOMh,5814357.865121657
G5xhtzj0Pyxm87ax,84961118.01976591
d2bn2Nv4cVA9amnn,58678151.091598816
yDXrslJWLrK8CsIi,43436725.227026135
USt2xSYaxZBZHk7g,17820570.772639528
rzr3IzlNPxAEFkfY,39632817.01401605
Vw5Uq2WAEf0A5lP8,9428825.274115868
N98igW0uewDUgXpy,15709206.48902963
Bapvyi68uoxCyg4C,32169343.11060573
oil9o0MyvUzSZi1t,9615696.608004173
z26D7zy3dulcgaJV,23099334.789541677
yHeXhuKNTvXneFAF,18405321.86134176
Sp5cgE0FSP0T3Ptg,31637631.328000143
REIpjUCZuhDN39mm,26504156.622264143
kfYviFhDKWUK3gBa,15263481.798031636
TiqY62aHNe6uohyK,23369730.773466367
AO6U2s1nD8qBdey2,46171882.9375676
nxREiHvAlFc0PxVG,19909354.228001345
LIzx0LTLuqPQl290,10497649.420737637
WjjuFgsavr1s08Ye,8194342.015670184
JvbxUWVlkQqYx08f,65920191.93817531
mHADh2O0HzW2fTnu,10528681.877100883
jzkUR9mUan93UjBd,33088259.289095353
JWHgxkPqWTnJSpnF,13942658.387752045
CUhSvpH9mr9eVb7p,6189296.535279795
HMayIEDZiqS6ppWi,24613225.255136333
sFj2Et6KZhaKHlyG,16648659.008576587
uymeMFtlrSNZJjAi,10869951.301894255
oDHvdbH7rc0BeSl0,35450369.667183995
khh3PTlSCEj44Yub,70479897.72210196
LRvzfpcAdmYFNle5,16742650.828507472
GePFrxXPopKmxdEt,32442845.29603585
f9tpGIfx8RoSsTRw,8297782.590155449
l16di9RovJ3dUgDU,4894225.683857067
dkwqiENLv3fSaqmE,32877128.8353291
jSVOk1KAOFrWt2nV,2029718.0898521603
bFnJ9NunBffREPwT,2727710.1416946645
k0REuSdIsnym3yjF,7819940.629253042
HAUsn9QXZRkNTWak,14443276.793176327
eaMwm4SP0Gn5OPGr,6785114.603717619
f1Skq4iwmiwqvqPE,107301095.3206302
fzJqJnIfckAnKHwd,5436379.168970824
ONDX2kJH42h2kjHq,4207303.788567319
a8B7AGQ2EG3uNMYt,378947504.47591794
hh16uuKmcYMPtYrj,25785383.80440015
lq6jgnuppAfJaRvy,67812456.63359538
OSVxyhdDx7wEyKAM,9947876.213478874
sIsJh1P1c3RkSLhK,32350988.52058707
Kq2mpDGkSPz4nzpp,7331965.718706017
PacGtAXJ40gVFE74,3689865.590827553
Vx9uLkXJMQHbucQ9,14897773.301962018
oa9Q92CgruuIog1U,5344300.056259217
FbzPdbZDvwY6nZFY,4812431.973052085
qPeaSjcerkOZZnUz,9823415.67816556
oDtigxiii6EZ2iDF,4448273.67762582
SF9fx01k1Zt5IgmJ,18960516.526638336
gTaAMY5xBnJnx7Cm,26840864.915785108
lVtrEVEfndWytkoS,11266777.56953764
es1a4NTToSU0fWZz,10358183.323341183
XO9VmyWk7tqZy5OZ,20643368.925823808
VnftkXfG9lvT6Zbt,8706590.056940513
G24CBKMdhIGpKeqM,42839748.26408519
EEnrbWw8JCQMwSBd,66736377.48710048
iAfIjFtJhm6lSlyQ,4826197.161528543
FTOjtSwUIuuCfTLX,8239636.508283183
MPltmMktepFPsXaC,53790085.0144175
ONyXscFFCMRMTUrc,8563605.963288467
JB9hFdqrtbUNdoV5,17031961.79412517
gw8zyh8WhqqQn57w,75517751.48385791
vy3fcUisuOu3PgQi,7573615.355615731
xvO7HhpAxTzZnUm8,12910554.495166522
WSeVr1w6lSTEZ9mx,88192215.32539728
KvvLVw0vJZXQNwqB,12448222.349015478
SJdWsi8gjuid7Pzo,14995526.394764818
ZfylBGWNv4ZNKxWF,17004576.585972674
lnpb3ACILrseiMLd,5396468.24832803
U9UaEspGGvNbcgPd,1064405354.9353894
ntEmY6QDdYR2TFNR,11168140.27993137
wWD4a9HRj4mX6Qqw,286566455.8705114
qs46p0pz4p4g2OGt,10306894.274851974
xE3py9scDYqvzzny,12955127.496359067
Yf9Nr1SwGvvP6GSN,14597099.002000071
litB6TvBozRKzcPA,14241640.404294228
tFmtBx3DPtXneHKu,5389200.947032361
orq3J7ZByXdkD9zn,8835857.464161912
Z7q0cFyxzaj3QPbc,38614448.24579828
RmjBRM3vDXQvWSBJ,27569043.77298209
tFyla5LpG54GIHXv,10835774.989482885
lpYvkwzzOLtCMyfu,50347010.260774344
OYqtgGs9Fy48q6kT,9777938.245485488
roDqggxenzqymBtb,28028796.88853842
cBoyeYzar1LOhsSF,6744184.619294614
Tov3v5z1CLVFlHvG,26644364.61472635
OTt1iu23GbKEc81T,16146794.089306487
cpN5hcKaLovPmJlL,22343370.885225482
xu4cua0HDOJuARgi,9050217.887050193
vYhYEkpO8wvVwmyB,2964026.151754919
oKvoz4sWq0JocTWn,5219871.172690295
kPsCaw2UcI8tJZhh,7982218.767426886
DtkQ32YRTB6xhoSg,13998936.495509924
xN2NZgdPhlrETe3P,109325933.82952026
LlbagnfwL45iASnL,14563698.379852217
On9cl8XDGoe0ii0B,85591258.51818018
Ccv4cSh4euWLMirl,48381473.47239479
zeq8DcsrgSZTJoXV,13175150.66153281
qOUFMtuwaqmc0KQy,7902038.628430808
wClnPcrAqso36q2k,9536789.618960164
BXCgKcC2gnTq1qPK,25794080.436361898
uMWveLAmUNud0fL2,11426317.200602137
tM1oUeWDqyIUXjSy,3775745.006546791
T4hILZq3ne1OS5KC,116616807.83166033
QTsxbKIvx5pAnEg3,855780880.3447958
FO0FhvOXk3DhkkeK,22438454.32836703
jSBvv5RIBCYLPYrp,6167015.3877952695
WyTkLc728vOqWxmT,12309468.862537365
DsZph0b5y2zcYVwe,14742364.085471457
Uk4FugXPK1H5DbY4,91051729.3455159
BV260qbUprW6hxVT,19262063.981192894
rLDZ1wIc9JYMRpDP,11251772.098819878
kkijZxqwKF28K1Y6,5129822.975411135
Oy7wWVEG4jcJMsRh,54869920.893924415
GM5hx5euRyWtwKRZ,45665486.24102648
Fma3CouhS2eePTIc,31097701.586422842
UYJj99LF5V0ydEAJ,5791416.914202393
ILuSPMBQKAcZkY02,6858295.939722349
yzsuxSntyVyEwp0r,13968021.267240115
PFaxHI1q4q6SWCBV,20532124.393904276
pZB6Qb2nNh6tcG32,7207326.690265101
wWTFRPtkeaNhmpiA,44237441.19796062
nraQvkWZcr7u6YyR,10582232.546786573
q6TVDDF7TMUFI4ve,12285327.629495895
rGhm80gCUjKkSDVp,7128654.254099092
RrdLCnBcwk36y99m,6922790.415007733
PTAy1FxNbQW1i0ln,3358815.7618772862
l6VwYFgtD7hBxsp3,48614579.778500825
NRjd8jKabEZ1x6uT,2341440.84713339
WjBzbYnFJfMGrnDb,6421284.557686896
K4o4B83NRCt8QGxS,120676568.0300752
fTxXnIIfTXqcOdq8,13375172.134245079
VsKDqtMYB9NQ7tuo,13135815.2126409
XwIfmTPXsskgchMk,15405982.670481795
UDHnPBRjF7k5fnwD,5762585.940923248
a1l89T4J2J2WKPQk,9446837.338313567
Ml80fe2lWo4VNt1O,99980825.53343679
tqoqyUlWpwVSVs25,3749957.738356683
aRShzBITHHaYcVbF,16979841.22235353
zhlc2ws7z9brqSID,4854456.832510266
hYfMVCNMwvjWMjdx,3470505.393463956
fXJ4BKJUIqS4ih0U,2675984.3831048305
THQndPGuKi5RGq6d,6805728.164132764
agqtQAsR59ZIsrJT,4301277.228665975
VvILwKghfKI0eCeB,33252095.182286676
XcmqdMselbRlTDvg,7862247.64927519
KDVUjAXD8aWdlDxG,13917839.402465379
WjBW8x7MvoblFy9B,13788720.717972575
yekFoC71svlErb9T,22438574.51170145
WyvBSz1YoRSfiRkh,65564796.615916714
E6BCpEEyeMkMAIHS,6242198.964918488
bDTZckaqTiOqNKJB,5274036.666136696
wMn2nCjA8e2rAXHv,8372123.192332228
LcZxjYglXzisoixG,1525593.5649140186
aRiireuqMvM6UiRW,34813336.91149192
bwXVjSkuwWaZ1Ntn,38876632.8803043
saomIz34bJStAOIG,17723675.137167398
epvvzjbCTSGiw6QX,16300678.341630738
bsMtI6OCXV4rXZqK,9899814.72818744
WIyImBgwrMv53vcd,7636559.426292438
glNOnmL1eKDQs8Ln,16084018.900528302
FNayo83FZ2qG4PQ8,7507822.791237962
nJZ3P5lxBXOo62Kb,11609158.635781555
AqUeqOz0ASvfwjZY,11538432.214814838
lLEJ3rWXfcMJQA5J,4909324.4569548145
YjRLCfvfQZ7VltKH,7826192.51318325
bkwCjRzwaGsVcKtH,5348426.479280747
nXk6Vmtjyenmkyq6,136951943.10647598
MD69G1fAHyP6ycS6,12186963.63397829
S7iOG7f8ARAdjMT0,44087728.54065596
OTUNYHctOqcHiAhb,20130058.65319251
XhyQWYOxHiHeTW6j,26781545.10836322
ezEted1zjNAYoeZr,23954814.20982107
L24WEdzMqPBTO0dV,12411120.053149797
TQVqAPSCnUFzIcEw,147675858.5186182
sVhh8nchfG1L1bkX,10636884.613613414
FbQlomTcBPeQbTJT,12668904.027512277
EtnCggB8EU6bPfGR,5544848.565283159
waChu7wePC0KXGPP,7368736.563692802
rujfJd8a8cLbVF1d,43874821.242411
Q5TkDpG0GXOvASnf,5632436.733954941
VDOWxW2f8Vaf9pcC,4037265.448089482
tvH370bq7VHfYMzC,81933217.78957953
V0bZwU3HnKt7fPzF,4532056.465827285
H4mZIX3OUdLddqBL,114433833.34703419
tQZe2wwl5fOeeuzg,164120850.79901782
vLXxdFpOa8P5aEV4,26016761.865251835
f9oHMPEFzc7nPq8z,5496608.684401975
FFhXlzPQlmcXqczI,19778391.19375845
fVWRGsUdxV3rW02P,2625955.1210689717
HZLUJ66NMHQ9PEy9,3727409.7359349728
lY7J7wX6AqrUrSxD,20488439.78584271
OoCnIrBQPPHwQyXL,9412091.095778722
XmsIJzVvgojD7Vnv,62143551.716774635
ZOs7eJ3opBDJoy0t,14063121.479150305
PHhvlkPtX2hvAVD6,4670918.477836679
ONW3jLAQcvFpm7di,15814394.129487934
UKGQBZO0gVvcXpXg,4685803.1699963305
v36dK4uh5pn2CXVI,48992763.737146765
waTWiohBS9hpAT0P,11784010.884493839
ybxTssNsKHeYeeKj,72202896.80095798
KqRmdCURDO3A7VOk,2860843.210086298
mZzNbx1dqss3dJ9S,7751445.706074721
iJy6WErBUNuuYaUR,16727837.628005851
mPIf4EMkM9KOVwr0,5616818.548834681
z37uGFBoSDlxi3WR,17396052.760730416
TqZNzPKtmjJdIe5Y,108066201.16391394
nRbBq78wYJIUDosO,8435270.842157153
orucoKDMu8GrC4j5,1533175.4607402687
sLNtkckcRASa4p1f,6139393.308511137
t7sact8JE15CyIEz,23806982.88317623
CiFaMC80giuFRvSA,28444951.39742585
K8QAbxZEFkAWqBEJ,42588529.75953384
Ah2H9TaZjHlHYG1L,4499729.174571484
LHUeoVcFvW5I9DrT,17931745.397162598
mdVN2cfMD9tBk2nK,12360548.963846905
uJq4U74DBCQBXZVJ,9249006.01459261
K3yjFjCMnqdI2oUz,8312148.645314545
rhxyXA4i9FkoBiz6,28742547.080638684
EBcT9g2p5fev1X4a,5154571.673836926
cOtwRa42AQYEITrM,8837135.798313234
frwDPeVEmIJqtDcV,13383219.026721872
r5stz9oMXNKcPD3f,96425635.93899411
e2iRyekovrGCx56t,94354368.5715669
GlM5QoiSrYiGlcoG,176198746.9490435
vpKTkctUTdCVArWQ,11513672.434533969
kguByIbXW0je4PCl,447546500.09236044
wdsJc7S1cv4t3jhd,8471662.737203278
dnd0v9CCT9mGv4FJ,14843434.535027148
LgdRHy6SJbbtvqu5,29619071.162861954
NOX8ZX8yv6ovR9Ac,12322464.662122348
zWueO4PtDv1wL1vX,3825677.975660047
pPIR4O5WobNXvdif,2719805.682374663
kdNYxKaTTsPcZXeE,74215004.12405287
hhz8Ba5lPOGqadGC,23300468.089408565
wzz02HwyyhdzDSQn,3485954.272200324
oUXategqX8XtAMsF,17605664.351962212
KFqV5LsSt4nvHorc,9597074.622057877
Re8idTQoDOnGS7rU,113548033.67388491
Pc5dGtxTmk4cQWLe,8351864.570411716
K01yC2su9dwa17Lu,27010879.896440547
uCMOgEaD11dgW0cZ,22117654.391131204
sq6AqiKIWFwz4Xy6,8098618.446242961
bYJdZpQ4t898WouO,21956791.978076506
UtSOlOgpVh0fr7yT,10655209.296063056
SkugbrwFc8C2IsMh,17106185.81570686
Bg5xFgftrqcQebVk,23769755.189934622
QUGsb6QU0xAtkxQ4,6900009.3846266
UoIPGjzuxDIDw50B,14681025.900766796
yi6TkcLrkPl2TNrQ,2422866.601560382
Kw2mmipISYNAC4YD,7357782.875577185
w26QF18cObxRoXcq,9807046.873341125
nrv9bP3wc0iKTfB1,4270430.791946861
n4SGj06E5Ra4qSH2,8787866.979303142
vfVF2NdOKfgIkB96,19762164.898898147
VEXnYRU2gLnIWVwX,7411549.968305018
NT1bohykeaMC17Rs,26136041.575836573
sG6rAiBdJ6dZakiF,4884548.291047252
Bw3cqjQtsxBDmvn5,21076425.619161077
YjzTRi8EAlI0T3Tx,215788629.72172916
lLTSN4ZP1KzvbnjL,37239977.65507239
pzjOsE51L0qp4daO,7813359.462130258
Y8PJow1nxH7wuAdc,11824927.247577729
jyMA781mMJJA9Nhh,5154259.944300602
NQUCecFVj6Ic9pE8,10994951.580658264
yYbWRctig2TMQ8E3,10896181.394505614
WzozxEcIRjA1cg1J,142241369.0299968
XsyAnfd4neQbynVd,14052390.986343956
nt13jwh092OeeJq3,41643429.960545905
vUh0bC8nD65YT6q8,85200403.35260922
RoM77Rst33f06T9b,38323254.81721505
ItxLlENcCJGxEjWl,20277892.861327257
lqTh127CC6feMXd9,74535771.83553682
xjGueSqdSjPBxjZ0,24049339.74933287
fyYqQ3Nc6j5yq2aX,19719435.704812966
TalM3ZhbR0dq0P4F,21047205.984365296
TkWMrh0ChsRCiJK8,4296818.453287139
FPVpnuthOGbnhrW3,8267214.2800826365
lAJoGxYgOaY5vn6x,8373605.247298478
kRr2qWzme447MumZ,8956370.06228059
KU3TF0Gdf4shz0yk,10299509.034682486
g6sZLBf4uKjdYs6z,9240420.193800444
VBOJEXWcLqxXFqz7,14204660.814543027
bUswoa758uRSSELc,19627731.12685277
SWVECawhwXYblSFL,44864041.64295805
jHgpBYS4ln4VzWZ6,9782037.546198454
RjrOqcVWORwnjtlJ,926401403.433554
dy3Ly9rtxxWO5NMA,4468505.695593199
gw63BnuW9FVTdkny,7387277.7230054885
BJfFQcnWB0HARCoD,21461531.232545067
ezpR2A8x8zX4OOYC,17657766.977995303
ht8pS5QaODg90XsL,4908603.783674751
U2G4WyJPIfhQa8Ae,3407521.0221379646
fmLUwB6nGFYkn4dA,38448685.00420161
auhc6uGiGz11bUI0,17628825.32778065
UkGeNelLZPTWyesI,59276845.49816254
qD1Zv3u91e826VMr,9125948.75759953
sOyMlEnmBWgVhVy7,6940457.011374634
YWJRavar20VmgutN,31179539.6980614
SV3BpKBZeNGne8zC,30920747.733595267
dbjU1CUPtHvF0oVS,10193705.682012103
BqAghnfYSn6vBW6E,5586863.382545583
dBBbG22KdtL1zD6b,7070814.407981046
uOmBDIk9pMUe2WV8,21707851.852420993
Ha6DUXwPgyjxib6W,11622683.027592663
dgOGPtrge9d2lle3,21264509.45958259
WC5JPsZRKHFWliQ3,15678387.79651782
DS5vHxaoGCh4Mj1l,10741170.504502054
ScXXRuLdtBAWLpIb,7626227.320755794
hqo0uTIZroN5m7lC,1728535.5342287796
VurAeWpcqRCF460d,10460527.941756275
vuuE5DpGanhm7j19,22770320.38929013
uIs9QerWO7As5ktc,23679976.756346896
XWd0h2ehIbZXr4ZK,48210032.54975752
omL9bJciE1IF5tWw,5438535.771409621
bVVDA8jycH6RLZ91,14269166.500343341
iLwhqqjfimqsziuX,14047131.467526726
usmcUfdvHigVtCOh,11510612.085972743
bQlCR4DSqpMeDBDD,51324679.04594357
HHbM1DTM0iOA3ze8,24443133.018430177
wVrDGroJXzWmvTI5,5114438.351308196
lSFwkesZudH1M8iV,39198421.85303507
fktyGkDU3O3a9KSR,6767928.05284552
VrW6KcbzJnrsQe8e,7273243.797328585
tQcr7Ie2hmIqwLvK,12916618.312021881
KzEFb29Ib5LlADNT,28587762.369168617
xsGePGGfMBGBstB0,17350253.873174157
pIGYHe1Fr8uGMgXv,3403713.2921841727
K1hssH8N0wYM5R0O,17694867.163872942
mEiHTKtHjE6x5OYw,36135453.055943124
xPLPgfTetCzfmRR5,64807602.41071228
Qe5KvOref179NpdM,7406696.577240783
SRKnZN1UFEUFXHZw,13721952.53001488
w7I4ZanusfLm6Dgi,16054161.96169547
OJQRb9b9v0DyBc7m,22943814.295101773
zIzQfMIGJZ5q2t7J,109792413.54546306
tOHwLgi5E3DUEyjY,44447702.49849807
QNNCqM3pBFfYGncy,2036943.786564657
bqeaiND5mJ8hIDqH,28786238.84216759
D4haqQpmhvWOogc0,4282800.691914139
MRHcSzvWq00ljt8d,13723070.77874751
AlbpKmqQFmrGgTKB,9650221.204533372
BiaagPYbUwr7flrO,1858475.3413768057
V3AsgmkRly4jZFe4,75141546.45949613
FiST9Amo00tP11UY,17823441.358934272
ZtF5ih17F1QJMkGa,17603298.067231342
uGYBIhbsI8k7aSen,162113409.6181825
maUTRt7aTTMNq9Ql,273687808.2204485
Wl0vIMun9MVLPsR1,5497047.5650018575
zaVCezZyMJj4GTAP,23752143.74363598
pu05K9XiwAIgp8IR,41141784.16353081
UxRgjtHiSYVOV4bv,7799090.884960678
gdKgrAn9FSgP3GTL,50079953.82263982
wSFaqCUEU1XuXY5M,14447730.479980676
X0Jz41U9fttb1lHt,50583774.25904081
A0pQwMKC6ypgWCXa,5624000.984624761
ptbb2mG8ydxHk8Aj,23920786.56293346
AXCwomAu0nS8C6zF,21996708.029885918
pz1TIRsRzA6m90lv,10303129.019578788
G6m6CSjDLh3ezIBE,19464935.892125513
WJRYn3r1R8Jv7sxU,10541112.30826918
ICQ0FnxBkHQxOVay,20248382.92815159
jF2pDCpXngREtKtH,30509863.18600462
Z9XsScYPhzbGojsz,4557067.007044618
LWbR7EubGaqAOujN,143404323.9220838
nRIM7YF2RisXnek5,13125767.418950284
qLK3KeloNesf10t1,20510660.91842583
n8RTybqWKz7yTjJv,30493606.06198375
tAY61DEBcAvalzMX,17545294.333039165
ab67kaG4mATF5tPj,3448294.7426389353
lBYmPpU9y9q21S9y,11523858.083743451
MIaISuYNKWofj3R1,2502627.5354837906
dNRUL1swKpPPIpac,9173017.019876575
rw6rEP8WjnYpf41M,5228622.166337008
pUr9qtiILzzqti4c,16496865.529712671
uUDCWBv3Wz4JpsTS,46743901.835306264
mHtoTdyIXFXNfM4I,3982485.3273257078
zaoTzVd8D9VSkoee,26062288.979600307
qudujalzQK5kJFO7,22256525.599577785
U265DsmfAau7EWFZ,7641396.745426374
gxViq2UMF4bxLt4J,97061476.82306404
pxRqdj8YUFNxnmTH,31124312.11935637
tIlAChk229B0FRXI,6335981.990126886
bgPKWITmUFKir5JK,26832730.28652643
UO9sTMv91bxmDpbe,9526263.251292204
nc1WFUgQojCQHWZ7,10994094.278817227
lTIX5Oavx5qmej1W,20026072.009933807
jPSFsctGyPzMUtLs,16890262.18819573
wHphfd9EiXv8N3Au,58528121.960739866
M53iHNyYoq3tjpjJ,9723093.515508791
R72LwkKBV17n4CQO,38123412.822369486
Nc9EiFkIcXm17AeA,35478866.9996786
KpGwEqTALdzYprhd,20410255.777507912
MNYxB71TDWE2Twef,120039386.03337172
OZnAqblbczWWjhIK,6843483.268984588
zgGuV5FfN9gYTOhP,8602905.559626844
VIrxb35HdgEfBbpY,35293349.03740427
q4SMYJtmuXzqFn1m,88921711.31602964
hem6SSvPVOL9IpwP,16845553.769439917
YBdQFCqRDA0VTHcv,12138472.208876811
zS4vZiuvQzUkKMnR,13806859.00941768
fRMUnoRJk79G6wq8,21569236.034010816
VYtXUbQpwCXqny37,1390244.3867996999
hoA9EkmtJN1P8CmW,24346108.454885114
TIPTUcllpvOsGAPg,27219632.522484384
AJDoYUlw0SQwSzgG,18545502.08287395
ZAY43VtlqwuQHavJ,58671453.68833136
kHVUxIXvacxgNgJM,70244530.90022372
kFzMC1M50ATp8q7K,28447505.918613028
HlCb082OlhSZnxnQ,20699347.817151446
wm5oIxkRSWCPe5FE,9600912.791483141
hQcOR3SPRRuOZvw5,13750886.721345957
zDcu3k5OyzrpvnMg,25048090.67128188
QBr0QAKmCqUncOG2,5305655.833227286
BVYlabtrG8h9wzYO,38109731.76426448
puo5PtpjvhGJ9FK6,11318373.559587613
YkHQovG7V1dyIBdf,40116746.06913828
MMQ8xJuA9ESpnawC,14974320.556438992
eyiUlzq66jp60WlP,24081481.158987567
lkTw7oBeKF6OBDFV,15534746.166879265
YsNyzPbA8Nt4hrnd,10768127.029783664
hkuTgX5TH82P9dLh,22482602.45654827
IzNlCEi6IFCRj2qq,80132347.1390611
JyM0lnyfdVHGLd1l,65450578.7468045
EoOjPQVpYHuDxcWP,10529753.780362017
TLxkj3cgYhLeZ4WU,26970668.444122333
wur5EcXm3PwW3JwX,42699847.774792716
oIdJPpLZyisamLdt,10800703.374443498
MkZXbR5zTmYH1Vrb,22886779.07637687
EYeFBeSv6WgLgfRk,96859014.51528451
bxDRWplkOCzKQT1Q,21365860.845131688
Th35vDNMkL2KH9Gv,12885028.168692209
q0f8eKLYPu6zXq2o,18837897.78985727
N4F1xm4xKJgydyCG,16398902.439769348
A652vKPH6Zex6zaV,469137775.38847077
KBpAPZXasSq0ak12,6269418.958031457
xvHeRwV2ZagvC9EZ,15012410.792911006
T08n9YjGTDoje20i,10226410.676329294
N6uQIH39UjVA2EBr,16309778.321947215
t3JxmNINFPlxkoj9,20376283.816429984
if4PW7HeOEymJk5i,12818689.2802784
n7JiG6VEMpN8ngNz,13513920.05004134
kRqYmbytG4yW4iP3,14851396.395921852
yBfunPYSEpdKIbhM,38576418.8236924
fTrhhMrqj2qJSzNQ,6624121.437933076
GxvkRb45wmNIu5QC,5497468.493331914
l4s0C4j4rXnafrDi,14343985.275108915
fdYyt67AruUXniig,39298790.34016367
pzMAPQX354HkRjr2,7612970.747911651
vceICdy5dTDikD0I,11446236.715023328
bt4HlD4hQbDl91OR,3204783.9958962095
dC0GIC7SSJXMJSsl,11324060.581109282
kBTZh3qMqrrRG6IG,12505105.352586783
hMyTyjq4Lw15T2En,7923974.721822878
P5SVIyWBpzTf0JCj,8307239.5705247065
Ri8bU5kSNRH5PpAY,8541434.171576725
ycpovbIYlLHQuw1t,36399642.541593336
KTsl1uPrlTStjfoi,18792881.261968188
ML2QL3cQOOBt9JNm,7910523.914840379
v2nvfsU1cTeYWpLm,13292510.054650106
CoM87yFXN1ygKlwq,32804370.354569968
wg1LEN9uCiGEPoaZ,13729850.341444576
L8PB3frWq5jv7yrg,33822835.94512624
SSC0yDhMGvWcf0EO,20913828.38350575
t1wvG6Sazb43VZS5,24333483.649909027
BSaL2QbzBJLKlheE,13924044.612190774
LCZKgRZluSkiDB5L,42026448.784088165
M8zbOEkuATe6LHjK,30427531.18812345
OiX8UnMlXaWwPDMq,72420032.59423769
aeOc85GleJ0fOy6R,3632919.2154788096
dIn8Kgv8ygqJNFHU,17691618.302112572
ErxeROWYaEwK5Qlq,14025307.913974144
VWZy0whCjDjguKR8,14434778.295525309
C0gHoEeCqMWkFHQq,6254462.225298312
OHs5P1EfaQr7CuG5,43865849.7399809
Eik9BjECHArNPVxN,31654679.67810676
kAuR3PK8ZFJHgvNm,19633904.12725601
VKc49zd4ScwOiixD,1696830.278149584
I2BIZd5XXhdO3Pk2,20581150.41916755
z6CWOqM6aB6rPCH4,9920717.08714898
W9fJwElEPHyX8rJ3,14096011.775804544
pPHPGvOyGCjeaUCF,8006745.461371039
DxC9jH6h8RQuhNWK,98530020.60716525
jIXrSQCEM0v2CZzF,73014966.65016754
IYbjSgdKNzD2XDT8,7916545.612185181
jNIZa7d7xJReFLLq,5345261.100837459
sOtYGCNq3pz9w7PI,6643489.962250694
Am6Wcg3TO64qvzd8,35625229.44164648
nVNYRuk2fRbtlV00,27828841.249525838
lgZWdUKliWt2y5sM,12398587.860859774
wTQmcqbN0OCuSF1t,15143514.39960713
WgsI1cBtzSfiWA1j,16510990.160808422
i0fgbPaQsDWs7Q87,45969277.36001025
